downtime_id,station_id,start_time,end_time,duration_min,shift,category,failure_type,planned_flag,maintenance_required,product_id
DT000001,ST01,2026-01-05 11:47:32.571207349,2026-01-05 12:01:02.571207349,13.5,A,Sensor/Control,Coolant Sensor Alarm,False,True,ACT-100
DT000002,ST02,2026-01-05 08:15:04.976348678,2026-01-05 08:28:34.976348678,13.5,A,Sensor/Control,Part Presence Sensor,False,True,ACT-100
DT000003,ST03,2026-01-05 07:31:25.962375638,2026-01-05 07:44:55.962375638,13.5,A,Sensor/Control,Measurement Sensor Fault,False,True,ACT-100
DT000004,ST04,2026-01-05 12:34:56.182838794,2026-01-05 12:48:26.182838794,13.5,A,Equipment Failure,Fixture Fault,False,True,ACT-100
DT000005,ST02,2026-01-05 15:02:49.539955076,2026-01-05 15:06:48.939955076,3.99,B,Micro Stop,Robot Micro Stop,False,False,ACT-100
DT000006,ST02,2026-01-05 18:04:29.416286832,2026-01-05 18:16:21.016286831,11.86,B,Sensor/Control,Communication Fault,False,True,ACT-100
DT000007,ST03,2026-01-05 21:00:36.170065733,2026-01-05 21:13:06.170065733,12.5,B,Quality,Inspection Calibration,False,True,ACT-100
DT000008,ST04,2026-01-05 16:02:08.331940120,2026-01-05 16:15:38.331940120,13.5,B,Material,Component Shortage,False,True,ACT-100
DT000009,ST05,2026-01-05 14:04:54.355853408,2026-01-05 14:18:24.355853408,13.5,B,Sensor/Control,Label Sensor Fault,False,True,ACT-100
DT000010,ST05,2026-01-05 15:47:26.592957121,2026-01-05 16:00:56.592957121,13.5,B,Equipment Failure,Packaging Jam,False,True,ACT-100
DT000011,ST05,2026-01-05 19:32:23.981650415,2026-01-05 19:45:53.981650415,13.5,B,Equipment Failure,Packaging Jam,False,True,ACT-100
DT000012,ST01,2026-01-06 00:32:11.584625756,2026-01-06 00:45:41.584625756,13.5,C,Tooling,Tool Change,False,True,ACT-100
DT000013,ST01,2026-01-06 04:19:40.162505258,2026-01-06 04:33:10.162505258,13.5,C,Equipment Failure,Spindle Fault,False,True,ACT-100
DT000014,ST02,2026-01-06 00:31:58.851807482,2026-01-06 00:45:28.851807482,13.5,C,Equipment Failure,Gripper Fault,False,True,ACT-100
DT000015,ST02,2026-01-06 01:03:05.847103802,2026-01-06 01:16:35.847103802,13.5,C,Sensor/Control,Part Presence Sensor,False,True,ACT-100
DT000016,ST02,2026-01-06 02:15:30.426248534,2026-01-06 02:17:52.026248534,2.36,C,Micro Stop,Robot Micro Stop,False,False,ACT-100
DT000017,ST02,2026-01-06 03:48:00.483546043,2026-01-06 04:01:30.483546043,13.5,C,Sensor/Control,Part Presence Sensor,False,True,ACT-100
DT000018,ST04,2026-01-06 00:00:05.757683046,2026-01-06 00:13:35.757683046,13.5,C,Equipment Failure,Fixture Fault,False,True,ACT-100
DT000019,ST04,2026-01-06 02:45:21.625300799,2026-01-06 02:58:51.625300799,13.5,C,Material,Component Shortage,False,True,ACT-100
DT000020,ST04,2026-01-06 03:01:45.975422550,2026-01-06 03:05:27.375422550,3.69,C,Micro Stop,Assembly Micro Stop,False,False,ACT-100
DT000021,ST05,2026-01-06 01:33:43.720134819,2026-01-06 01:34:59.920134819,1.27,C,Micro Stop,Packaging Micro Stop,False,False,ACT-100
DT000022,ST05,2026-01-06 02:33:58.259199383,2026-01-06 02:47:28.259199383,13.5,C,Material,Packaging Material Shortage,False,True,ACT-100
DT000023,ST02,2026-01-06 07:48:35.806086710,2026-01-06 08:02:05.806086710,13.5,A,Sensor/Control,Part Presence Sensor,False,True,ACT-300
DT000024,ST03,2026-01-06 06:49:16.708828151,2026-01-06 07:02:46.708828151,13.5,A,Quality,Inspection Calibration,False,True,ACT-300
DT000025,ST03,2026-01-06 10:00:11.016408750,2026-01-06 10:11:45.216408750,11.57,A,Sensor/Control,Vision System Fault,False,True,ACT-300
DT000026,ST05,2026-01-06 08:48:42.142839586,2026-01-06 08:52:12.142839586,3.5,A,Micro Stop,Packaging Micro Stop,False,False,ACT-300
DT000027,ST05,2026-01-06 13:01:22.850867346,2026-01-06 13:07:19.250867346,5.94,A,Material,Packaging Material Shortage,False,False,ACT-300
DT000028,ST05,2026-01-06 13:16:34.881044918,2026-01-06 13:30:04.881044918,13.5,A,Equipment Failure,Packaging Jam,False,True,ACT-300
DT000029,ST02,2026-01-06 15:03:09.276537068,2026-01-06 15:08:39.276537068,5.5,B,Equipment Failure,Robot Position Fault,False,False,ACT-100
DT000030,ST02,2026-01-06 18:16:08.603033881,2026-01-06 18:29:38.603033881,13.5,B,Equipment Failure,Gripper Fault,False,True,ACT-100
DT000031,ST03,2026-01-06 15:30:00.003490426,2026-01-06 15:43:30.003490426,13.5,B,Sensor/Control,Vision System Fault,False,True,ACT-100
DT000032,ST04,2026-01-06 18:02:15.076273842,2026-01-06 18:15:28.276273842,13.22,B,Quality,Functional Test Failure,False,True,ACT-100
DT000033,ST01,2026-01-07 00:17:25.196810453,2026-01-07 00:30:55.196810453,13.5,C,Equipment Failure,Spindle Fault,False,True,ACT-200
DT000034,ST01,2026-01-07 04:34:23.755731780,2026-01-07 04:40:43.555731780,6.33,C,Tooling,Tool Wear,False,False,ACT-200
DT000035,ST02,2026-01-06 23:17:49.018605213,2026-01-06 23:31:19.018605213,13.5,C,Sensor/Control,Communication Fault,False,True,ACT-200
DT000036,ST02,2026-01-07 02:03:29.891870886,2026-01-07 02:16:59.891870886,13.5,C,Sensor/Control,Communication Fault,False,True,ACT-200
DT000037,ST02,2026-01-07 03:03:02.054086662,2026-01-07 03:11:42.254086662,8.67,C,Equipment Failure,Gripper Fault,False,True,ACT-200
DT000038,ST05,2026-01-07 05:18:26.413667122,2026-01-07 05:31:56.413667122,13.5,C,Material,Packaging Material Shortage,False,True,ACT-200
DT000039,ST01,2026-01-07 07:45:12.077400902,2026-01-07 07:54:48.077400902,9.6,A,Tooling,Tool Change,False,True,ACT-300
DT000040,ST02,2026-01-07 11:31:16.344399485,2026-01-07 11:44:46.344399485,13.5,A,Sensor/Control,Part Presence Sensor,False,True,ACT-300
DT000041,ST04,2026-01-07 06:49:04.316033780,2026-01-07 06:50:19.916033780,1.26,A,Micro Stop,Assembly Micro Stop,False,False,ACT-300
DT000042,ST04,2026-01-07 11:32:03.236642999,2026-01-07 11:45:33.236642999,13.5,A,Changeover,Product Changeover,False,True,ACT-300
DT000043,ST05,2026-01-07 09:33:40.382490213,2026-01-07 09:47:10.382490213,13.5,A,Sensor/Control,Label Sensor Fault,False,True,ACT-300
DT000044,ST02,2026-01-07 15:47:09.160746273,2026-01-07 16:00:39.160746273,13.5,B,Sensor/Control,Communication Fault,False,True,ACT-100
DT000045,ST03,2026-01-07 18:01:32.303726843,2026-01-07 18:10:40.103726843,9.13,B,Sensor/Control,Measurement Sensor Fault,False,True,ACT-100
DT000046,ST04,2026-01-07 14:48:18.993212851,2026-01-07 14:50:07.593212851,1.81,B,Micro Stop,Assembly Micro Stop,False,False,ACT-100
DT000047,ST04,2026-01-07 19:47:25.505396257,2026-01-07 20:00:55.505396257,13.5,B,Quality,Functional Test Failure,False,True,ACT-100
DT000048,ST04,2026-01-07 21:00:35.391745088,2026-01-07 21:14:05.391745088,13.5,B,Material,Component Shortage,False,True,ACT-100
DT000049,ST01,2026-01-07 22:30:11.520263197,2026-01-07 22:43:41.520263197,13.5,C,Sensor/Control,Coolant Sensor Alarm,False,True,ACT-200
DT000050,ST01,2026-01-08 01:45:40.330028210,2026-01-08 01:59:10.330028210,13.5,C,Equipment Failure,Spindle Fault,False,True,ACT-200
DT000051,ST01,2026-01-08 04:15:00.000000000,2026-01-08 04:25:40.487099541,10.67,C,Maintenance,Planned Maintenance,True,True,ACT-200
DT000052,ST02,2026-01-08 02:16:03.290967185,2026-01-08 02:29:33.290967185,13.5,C,Sensor/Control,Part Presence Sensor,False,True,ACT-200
DT000053,ST02,2026-01-08 02:31:05.276381979,2026-01-08 02:44:35.276381979,13.5,C,Sensor/Control,Communication Fault,False,True,ACT-200
DT000054,ST03,2026-01-08 03:03:30.449730439,2026-01-08 03:17:00.449730439,13.5,C,Sensor/Control,Measurement Sensor Fault,False,True,ACT-200
DT000055,ST04,2026-01-07 22:01:42.718536988,2026-01-07 22:15:12.718536988,13.5,C,Changeover,Product Changeover,False,True,ACT-200
DT000056,ST04,2026-01-07 22:46:38.021667170,2026-01-07 23:00:08.021667170,13.5,C,Quality,Functional Test Failure,False,True,ACT-200
DT000057,ST04,2026-01-08 00:48:33.666061553,2026-01-08 01:00:03.066061553,11.49,C,Quality,Functional Test Failure,False,True,ACT-200
DT000058,ST04,2026-01-08 04:32:50.849177555,2026-01-08 04:46:20.849177555,13.5,C,Quality,Functional Test Failure,False,True,ACT-200
DT000059,ST05,2026-01-08 02:46:03.452024784,2026-01-08 02:48:01.652024784,1.97,C,Micro Stop,Packaging Micro Stop,False,False,ACT-200
DT000060,ST05,2026-01-08 03:17:16.618471574,2026-01-08 03:30:46.618471574,13.5,C,Equipment Failure,Packaging Jam,False,True,ACT-200
DT000061,ST05,2026-01-08 03:32:12.808110590,2026-01-08 03:45:42.808110590,13.5,C,Sensor/Control,Label Sensor Fault,False,True,ACT-200
DT000062,ST04,2026-01-08 09:17:32.611795264,2026-01-08 09:31:02.611795264,13.5,A,Changeover,Product Changeover,False,True,ACT-300
DT000063,ST04,2026-01-08 12:04:50.359369785,2026-01-08 12:18:20.359369785,13.5,A,Changeover,Product Changeover,False,True,ACT-300
DT000064,ST04,2026-01-08 12:18:08.551170025,2026-01-08 12:31:38.551170025,13.5,A,Material,Component Shortage,False,True,ACT-300
DT000065,ST01,2026-01-08 14:18:20.794624909,2026-01-08 14:31:29.194624909,13.14,B,Equipment Failure,Spindle Fault,False,True,ACT-300
DT000066,ST01,2026-01-08 16:30:00.000000000,2026-01-08 16:35:32.974144750,5.55,B,Maintenance,Planned Maintenance,True,True,ACT-300
DT000067,ST01,2026-01-08 19:00:59.900921412,2026-01-08 19:14:29.900921412,13.5,B,Equipment Failure,Spindle Fault,False,True,ACT-300
DT000068,ST02,2026-01-08 15:03:10.134985424,2026-01-08 15:16:40.134985424,13.5,B,Equipment Failure,Robot Position Fault,False,True,ACT-300
DT000069,ST03,2026-01-08 20:15:15.704153529,2026-01-08 20:28:45.704153529,13.5,B,Quality,Inspection Calibration,False,True,ACT-300
DT000070,ST04,2026-01-08 15:32:14.031647651,2026-01-08 15:45:44.031647651,13.5,B,Changeover,Product Changeover,False,True,ACT-300
DT000071,ST04,2026-01-08 21:04:23.475740319,2026-01-08 21:17:53.475740319,13.5,B,Material,Component Shortage,False,True,ACT-300
DT000072,ST01,2026-01-09 05:16:30.984307819,2026-01-09 05:19:29.184307819,2.97,C,Micro Stop,Minor CNC Stop,False,False,ACT-200
DT000073,ST02,2026-01-08 22:03:16.472136944,2026-01-08 22:04:33.872136944,1.29,C,Micro Stop,Robot Micro Stop,False,False,ACT-200
DT000074,ST02,2026-01-08 22:33:41.445226452,2026-01-08 22:46:50.445226452,13.15,C,Equipment Failure,Robot Position Fault,False,True,ACT-200
DT000075,ST02,2026-01-09 02:16:23.465156120,2026-01-09 02:29:53.465156120,13.5,C,Sensor/Control,Communication Fault,False,True,ACT-200
DT000076,ST03,2026-01-09 02:04:06.172931800,2026-01-09 02:17:36.172931800,13.5,C,Sensor/Control,Vision System Fault,False,True,ACT-200
DT000077,ST04,2026-01-08 22:15:00.000000000,2026-01-08 22:20:50.466888668,5.84,C,Maintenance,Planned Maintenance,True,True,ACT-200
DT000078,ST04,2026-01-09 05:18:48.609816311,2026-01-09 05:32:18.609816311,13.5,C,Material,Component Shortage,False,True,ACT-200
DT000079,ST05,2026-01-08 22:45:41.916170093,2026-01-08 22:49:58.116170093,4.27,C,Micro Stop,Packaging Micro Stop,False,False,ACT-200
DT000080,ST05,2026-01-08 23:18:10.154945620,2026-01-08 23:19:37.154945620,1.45,C,Micro Stop,Packaging Micro Stop,False,False,ACT-200
DT000081,ST05,2026-01-09 03:01:10.074130266,2026-01-09 03:02:53.274130266,1.72,C,Micro Stop,Packaging Micro Stop,False,False,ACT-200
DT000082,ST05,2026-01-09 03:30:31.018480989,2026-01-09 03:38:13.018480989,7.7,C,Equipment Failure,Packaging Jam,False,False,ACT-200
DT000083,ST01,2026-01-09 07:19:42.053950418,2026-01-09 07:25:10.853950418,5.48,A,Tooling,Tool Change,False,False,ACT-200
DT000084,ST01,2026-01-09 09:45:00.000000000,2026-01-09 09:51:42.815946660,6.71,A,Maintenance,Planned Maintenance,True,True,ACT-200
DT000085,ST01,2026-01-09 13:04:54.795723448,2026-01-09 13:18:24.795723448,13.5,A,Tooling,Tool Wear,False,True,ACT-200
DT000086,ST02,2026-01-09 08:03:11.007874307,2026-01-09 08:16:41.007874307,13.5,A,Sensor/Control,Communication Fault,False,True,ACT-200
DT000087,ST03,2026-01-09 08:31:36.280631495,2026-01-09 08:45:06.280631495,13.5,A,Sensor/Control,Measurement Sensor Fault,False,True,ACT-200
DT000088,ST03,2026-01-09 12:17:31.964999972,2026-01-09 12:31:01.964999972,13.5,A,Quality,Inspection Calibration,False,True,ACT-200
DT000089,ST04,2026-01-09 10:16:41.324399020,2026-01-09 10:25:15.524399020,8.57,A,Material,Component Shortage,False,True,ACT-200
DT000090,ST05,2026-01-09 08:46:53.987985677,2026-01-09 09:00:23.987985677,13.5,A,Equipment Failure,Packaging Jam,False,True,ACT-200
DT000091,ST02,2026-01-09 18:19:48.861148200,2026-01-09 18:33:18.861148200,13.5,B,Sensor/Control,Part Presence Sensor,False,True,ACT-200
DT000092,ST02,2026-01-09 19:01:26.849359535,2026-01-09 19:14:56.849359535,13.5,B,Sensor/Control,Communication Fault,False,True,ACT-200
DT000093,ST03,2026-01-09 17:32:00.585577384,2026-01-09 17:43:39.585577384,11.65,B,Sensor/Control,Vision System Fault,False,True,ACT-200
DT000094,ST03,2026-01-09 18:49:36.059095822,2026-01-09 19:03:06.059095822,13.5,B,Sensor/Control,Measurement Sensor Fault,False,True,ACT-200
DT000095,ST03,2026-01-09 20:32:49.667244967,2026-01-09 20:46:19.667244967,13.5,B,Quality,Inspection Calibration,False,True,ACT-200
DT000096,ST04,2026-01-09 14:03:26.910460458,2026-01-09 14:16:56.910460458,13.5,B,Equipment Failure,Fixture Fault,False,True,ACT-200
DT000097,ST04,2026-01-09 17:45:00.000000000,2026-01-09 17:53:57.224048412,8.95,B,Maintenance,Planned Maintenance,True,True,ACT-200
DT000098,ST04,2026-01-09 18:32:57.574321325,2026-01-09 18:46:27.574321325,13.5,B,Quality,Functional Test Failure,False,True,ACT-200
DT000099,ST01,2026-01-09 23:30:59.961892394,2026-01-09 23:44:29.961892394,13.5,C,Equipment Failure,Spindle Fault,False,True,ACT-100
DT000100,ST01,2026-01-09 23:45:34.183580833,2026-01-09 23:58:21.583580833,12.79,C,Tooling,Tool Wear,False,True,ACT-100
DT000101,ST02,2026-01-10 03:01:14.006528923,2026-01-10 03:02:38.606528923,1.41,C,Micro Stop,Robot Micro Stop,False,False,ACT-100
DT000102,ST02,2026-01-10 04:17:26.500473901,2026-01-10 04:30:56.500473901,13.5,C,Equipment Failure,Robot Position Fault,False,True,ACT-100
DT000103,ST03,2026-01-09 23:15:00.000000000,2026-01-09 23:25:00.399478462,10.01,C,Maintenance,Planned Maintenance,True,True,ACT-100
DT000104,ST04,2026-01-10 01:15:13.171384089,2026-01-10 01:28:43.171384089,13.5,C,Changeover,Product Changeover,False,True,ACT-100
DT000105,ST04,2026-01-10 03:32:25.077914431,2026-01-10 03:38:55.077914431,6.5,C,Equipment Failure,Fixture Fault,False,False,ACT-100
DT000106,ST04,2026-01-10 05:00:14.255327162,2026-01-10 05:13:44.255327162,13.5,C,Equipment Failure,Fixture Fault,False,True,ACT-100
DT000107,ST05,2026-01-09 22:32:46.182520156,2026-01-09 22:46:16.182520156,13.5,C,Sensor/Control,Label Sensor Fault,False,True,ACT-100
DT000108,ST01,2026-01-12 12:02:47.515343271,2026-01-12 12:10:01.315343271,7.23,A,Tooling,Tool Wear,False,False,ACT-100
DT000109,ST01,2026-01-12 12:16:38.444154154,2026-01-12 12:22:33.044154154,5.91,A,Equipment Failure,Spindle Fault,False,False,ACT-100
DT000110,ST02,2026-01-12 10:33:47.845970756,2026-01-12 10:47:17.845970756,13.5,A,Sensor/Control,Part Presence Sensor,False,True,ACT-100
DT000111,ST02,2026-01-12 11:01:18.063410380,2026-01-12 11:09:19.263410380,8.02,A,Equipment Failure,Robot Position Fault,False,True,ACT-100
DT000112,ST02,2026-01-12 11:34:28.531867719,2026-01-12 11:38:06.331867718,3.63,A,Micro Stop,Robot Micro Stop,False,False,ACT-100
DT000113,ST02,2026-01-12 13:15:44.440176604,2026-01-12 13:27:38.440176604,11.9,A,Sensor/Control,Part Presence Sensor,False,True,ACT-100
DT000114,ST03,2026-01-12 08:45:28.272919921,2026-01-12 08:58:58.272919921,13.5,A,Quality,Inspection Calibration,False,True,ACT-100
DT000115,ST04,2026-01-12 09:15:12.146347298,2026-01-12 09:28:42.146347298,13.5,A,Changeover,Product Changeover,False,True,ACT-100
DT000116,ST03,2026-01-12 14:30:03.346376193,2026-01-12 14:41:27.946376193,11.41,B,Sensor/Control,Vision System Fault,False,True,ACT-300
DT000117,ST03,2026-01-12 16:32:47.329427729,2026-01-12 16:46:17.329427729,13.5,B,Sensor/Control,Measurement Sensor Fault,False,True,ACT-300
DT000118,ST03,2026-01-12 18:03:58.248812651,2026-01-12 18:17:28.248812651,13.5,B,Sensor/Control,Measurement Sensor Fault,False,True,ACT-300
DT000119,ST03,2026-01-12 18:33:55.995754822,2026-01-12 18:47:25.995754822,13.5,B,Quality,Inspection Calibration,False,True,ACT-300
DT000120,ST03,2026-01-12 20:47:37.277378371,2026-01-12 20:51:21.077378371,3.73,B,Micro Stop,Inspection Micro Stop,False,False,ACT-300
DT000121,ST05,2026-01-12 17:32:04.713392744,2026-01-12 17:37:24.513392744,5.33,B,Sensor/Control,Label Sensor Fault,False,False,ACT-300
DT000122,ST01,2026-01-12 23:31:59.742498328,2026-01-12 23:45:29.742498328,13.5,C,Tooling,Tool Change,False,True,ACT-300
DT000123,ST01,2026-01-13 04:33:33.116294231,2026-01-13 04:41:44.516294231,8.19,C,Tooling,Tool Wear,False,True,ACT-300
DT000124,ST02,2026-01-13 01:19:44.185296926,2026-01-13 01:21:34.585296926,1.84,C,Micro Stop,Robot Micro Stop,False,False,ACT-300
DT000125,ST02,2026-01-13 02:30:42.685865583,2026-01-13 02:44:12.685865583,13.5,C,Equipment Failure,Robot Position Fault,False,True,ACT-300
DT000126,ST02,2026-01-13 05:18:59.779789787,2026-01-13 05:32:29.779789787,13.5,C,Equipment Failure,Robot Position Fault,False,True,ACT-300
DT000127,ST04,2026-01-13 03:03:46.312786657,2026-01-13 03:12:58.912786657,9.21,C,Quality,Functional Test Failure,False,True,ACT-300
DT000128,ST05,2026-01-13 00:02:54.125449734,2026-01-13 00:05:17.525449734,2.39,C,Micro Stop,Packaging Micro Stop,False,False,ACT-300
DT000129,ST01,2026-01-13 06:00:00.000000000,2026-01-13 06:05:17.968972663,5.3,A,Maintenance,Planned Maintenance,True,True,ACT-300
DT000130,ST01,2026-01-13 07:31:06.366454254,2026-01-13 07:43:17.166454254,12.18,A,Equipment Failure,Spindle Fault,False,True,ACT-300
DT000131,ST01,2026-01-13 08:30:00.000000000,2026-01-13 08:41:56.638743786,11.94,A,Maintenance,Planned Maintenance,True,True,ACT-300
DT000132,ST01,2026-01-13 11:18:21.198994800,2026-01-13 11:31:51.198994800,13.5,A,Sensor/Control,Coolant Sensor Alarm,False,True,ACT-300
DT000133,ST01,2026-01-13 12:33:56.790134732,2026-01-13 12:47:26.790134732,13.5,A,Tooling,Tool Change,False,True,ACT-300
DT000134,ST02,2026-01-13 06:01:13.151729908,2026-01-13 06:09:32.951729908,8.33,A,Sensor/Control,Part Presence Sensor,False,True,ACT-300
DT000135,ST02,2026-01-13 07:31:00.946181156,2026-01-13 07:33:49.546181156,2.81,A,Micro Stop,Robot Micro Stop,False,False,ACT-300
DT000136,ST02,2026-01-13 08:00:00.000000000,2026-01-13 08:05:08.830419032,5.15,A,Maintenance,Planned Maintenance,True,True,ACT-300
DT000137,ST02,2026-01-13 09:34:13.904633959,2026-01-13 09:47:43.904633959,13.5,A,Sensor/Control,Part Presence Sensor,False,True,ACT-300
DT000138,ST03,2026-01-13 12:47:08.864737056,2026-01-13 12:59:41.864737056,12.55,A,Sensor/Control,Vision System Fault,False,True,ACT-300
DT000139,ST04,2026-01-13 07:00:31.733672068,2026-01-13 07:14:01.733672068,13.5,A,Quality,Functional Test Failure,False,True,ACT-300
DT000140,ST02,2026-01-13 15:45:30.322947711,2026-01-13 15:59:00.322947711,13.5,B,Sensor/Control,Part Presence Sensor,False,True,ACT-100
DT000141,ST05,2026-01-13 14:16:33.006553864,2026-01-13 14:18:26.406553863,1.89,B,Micro Stop,Packaging Micro Stop,False,False,ACT-100
DT000142,ST05,2026-01-13 15:15:59.838806049,2026-01-13 15:29:29.838806049,13.5,B,Equipment Failure,Packaging Jam,False,True,ACT-100
DT000143,ST05,2026-01-13 17:00:22.483203809,2026-01-13 17:03:03.283203809,2.68,B,Micro Stop,Packaging Micro Stop,False,False,ACT-100
DT000144,ST01,2026-01-14 00:48:31.002286355,2026-01-14 01:02:01.002286355,13.5,C,Equipment Failure,Spindle Fault,False,True,ACT-200
DT000145,ST02,2026-01-13 23:16:11.078358453,2026-01-13 23:29:41.078358453,13.5,C,Sensor/Control,Part Presence Sensor,False,True,ACT-200
DT000146,ST02,2026-01-14 02:49:51.365636988,2026-01-14 03:03:11.765636988,13.34,C,Equipment Failure,Gripper Fault,False,True,ACT-200
DT000147,ST03,2026-01-13 23:01:29.203124262,2026-01-13 23:05:38.803124262,4.16,C,Micro Stop,Inspection Micro Stop,False,False,ACT-200
DT000148,ST03,2026-01-14 01:16:49.621839270,2026-01-14 01:20:14.821839270,3.42,C,Micro Stop,Inspection Micro Stop,False,False,ACT-200
DT000149,ST03,2026-01-14 02:02:17.831623985,2026-01-14 02:15:47.831623985,13.5,C,Sensor/Control,Vision System Fault,False,True,ACT-200
DT000150,ST03,2026-01-14 04:31:24.118253577,2026-01-14 04:44:54.118253577,13.5,C,Sensor/Control,Vision System Fault,False,True,ACT-200
DT000151,ST04,2026-01-13 22:18:54.279953937,2026-01-13 22:27:53.079953937,8.98,C,Quality,Functional Test Failure,False,True,ACT-200
DT000152,ST04,2026-01-14 04:15:02.867455844,2026-01-14 04:16:47.267455844,1.74,C,Micro Stop,Assembly Micro Stop,False,False,ACT-200
DT000153,ST05,2026-01-14 00:34:51.614689432,2026-01-14 00:48:21.614689432,13.5,C,Material,Packaging Material Shortage,False,True,ACT-200
DT000154,ST02,2026-01-14 07:03:49.319760768,2026-01-14 07:17:19.319760768,13.5,A,Equipment Failure,Robot Position Fault,False,True,ACT-300
DT000155,ST03,2026-01-14 06:34:05.831424537,2026-01-14 06:35:32.831424537,1.45,A,Micro Stop,Inspection Micro Stop,False,False,ACT-300
DT000156,ST03,2026-01-14 07:02:05.698105593,2026-01-14 07:10:05.098105593,7.99,A,Sensor/Control,Vision System Fault,False,False,ACT-300
DT000157,ST03,2026-01-14 10:16:57.383056622,2026-01-14 10:30:27.383056622,13.5,A,Sensor/Control,Measurement Sensor Fault,False,True,ACT-300
DT000158,ST03,2026-01-14 12:47:20.152240005,2026-01-14 13:00:50.152240005,13.5,A,Sensor/Control,Measurement Sensor Fault,False,True,ACT-300
DT000159,ST04,2026-01-14 07:03:33.781405276,2026-01-14 07:10:24.781405276,6.85,A,Material,Component Shortage,False,False,ACT-300
DT000160,ST04,2026-01-14 10:30:30.466981028,2026-01-14 10:37:27.466981028,6.95,A,Material,Component Shortage,False,False,ACT-300
DT000161,ST01,2026-01-14 19:31:48.477079926,2026-01-14 19:45:18.477079926,13.5,B,Tooling,Tool Wear,False,True,ACT-200
DT000162,ST02,2026-01-14 15:17:20.486570301,2026-01-14 15:24:32.486570301,7.2,B,Sensor/Control,Communication Fault,False,False,ACT-200
DT000163,ST03,2026-01-14 14:47:01.537822001,2026-01-14 15:00:31.537822001,13.5,B,Sensor/Control,Vision System Fault,False,True,ACT-200
DT000164,ST03,2026-01-14 16:19:34.262636904,2026-01-14 16:33:04.262636904,13.5,B,Sensor/Control,Measurement Sensor Fault,False,True,ACT-200
DT000165,ST04,2026-01-14 15:30:00.000000000,2026-01-14 15:37:09.336357218,7.16,B,Maintenance,Planned Maintenance,True,True,ACT-200
DT000166,ST01,2026-01-14 22:31:11.923251881,2026-01-14 22:40:07.723251880,8.93,C,Equipment Failure,Spindle Fault,False,True,ACT-100
DT000167,ST01,2026-01-15 00:45:55.921624220,2026-01-15 00:52:40.921624220,6.75,C,Tooling,Tool Wear,False,False,ACT-100
DT000168,ST02,2026-01-14 23:49:18.210609762,2026-01-15 00:02:48.210609762,13.5,C,Sensor/Control,Part Presence Sensor,False,True,ACT-100
DT000169,ST02,2026-01-15 02:46:48.644635044,2026-01-15 03:00:18.644635044,13.5,C,Equipment Failure,Robot Position Fault,False,True,ACT-100
DT000170,ST03,2026-01-14 23:16:58.512160704,2026-01-14 23:30:28.512160704,13.5,C,Quality,Inspection Calibration,False,True,ACT-100
DT000171,ST05,2026-01-15 04:18:48.434274638,2026-01-15 04:32:18.434274638,13.5,C,Equipment Failure,Packaging Jam,False,True,ACT-100
DT000172,ST01,2026-01-15 06:02:05.581555701,2026-01-15 06:15:35.581555701,13.5,A,Equipment Failure,Spindle Fault,False,True,ACT-100
DT000173,ST01,2026-01-15 06:30:00.000000000,2026-01-15 06:41:10.558059919,11.18,A,Maintenance,Planned Maintenance,True,True,ACT-100
DT000174,ST02,2026-01-15 12:16:51.277027532,2026-01-15 12:22:47.677027532,5.94,A,Equipment Failure,Gripper Fault,False,False,ACT-100
DT000175,ST03,2026-01-15 08:45:00.000000000,2026-01-15 08:50:00.138666888,5.0,A,Maintenance,Planned Maintenance,True,True,ACT-100
DT000176,ST03,2026-01-15 09:02:21.799418809,2026-01-15 09:04:01.999418808,1.67,A,Micro Stop,Inspection Micro Stop,False,False,ACT-100
DT000177,ST03,2026-01-15 11:18:11.801629050,2026-01-15 11:20:16.601629050,2.08,A,Micro Stop,Inspection Micro Stop,False,False,ACT-100
DT000178,ST04,2026-01-15 07:03:53.560611301,2026-01-15 07:09:24.760611301,5.52,A,Quality,Functional Test Failure,False,False,ACT-100
DT000179,ST05,2026-01-15 10:04:03.915362142,2026-01-15 10:14:56.115362141,10.87,A,Sensor/Control,Label Sensor Fault,False,True,ACT-100
DT000180,ST05,2026-01-15 13:00:00.000000000,2026-01-15 13:10:07.344250536,10.12,A,Maintenance,Planned Maintenance,True,True,ACT-100
DT000181,ST01,2026-01-15 14:46:16.307861641,2026-01-15 14:59:46.307861641,13.5,B,Tooling,Tool Wear,False,True,ACT-200
DT000182,ST01,2026-01-15 19:49:56.557400197,2026-01-15 19:56:22.357400196,6.43,B,Tooling,Tool Change,False,False,ACT-200
DT000183,ST02,2026-01-15 17:30:47.935668634,2026-01-15 17:38:55.735668634,8.13,B,Equipment Failure,Gripper Fault,False,True,ACT-200
DT000184,ST02,2026-01-15 20:03:12.410045767,2026-01-15 20:16:42.410045767,13.5,B,Equipment Failure,Robot Position Fault,False,True,ACT-200
DT000185,ST03,2026-01-15 16:03:46.361859808,2026-01-15 16:09:48.161859808,6.03,B,Sensor/Control,Vision System Fault,False,False,ACT-200
DT000186,ST03,2026-01-15 19:47:39.923646697,2026-01-15 20:01:09.923646697,13.5,B,Sensor/Control,Vision System Fault,False,True,ACT-200
DT000187,ST04,2026-01-15 17:32:36.561891829,2026-01-15 17:39:49.161891829,7.21,B,Equipment Failure,Fixture Fault,False,False,ACT-200
DT000188,ST04,2026-01-15 19:33:31.868450987,2026-01-15 19:47:01.868450987,13.5,B,Changeover,Product Changeover,False,True,ACT-200
DT000189,ST01,2026-01-16 03:18:09.813092989,2026-01-16 03:31:39.813092989,13.5,C,Tooling,Tool Change,False,True,ACT-100
DT000190,ST02,2026-01-16 00:15:00.000000000,2026-01-16 00:25:02.332153767,10.04,C,Maintenance,Planned Maintenance,True,True,ACT-100
DT000191,ST02,2026-01-16 01:00:00.000000000,2026-01-16 01:06:22.826476837,6.38,C,Maintenance,Planned Maintenance,True,True,ACT-100
DT000192,ST02,2026-01-16 03:02:58.913949810,2026-01-16 03:16:28.913949810,13.5,C,Sensor/Control,Part Presence Sensor,False,True,ACT-100
DT000193,ST02,2026-01-16 04:01:07.618168295,2026-01-16 04:14:37.618168295,13.5,C,Sensor/Control,Part Presence Sensor,False,True,ACT-100
DT000194,ST03,2026-01-16 01:17:31.244546918,2026-01-16 01:24:18.044546918,6.78,C,Quality,Inspection Calibration,False,False,ACT-100
DT000195,ST04,2026-01-15 23:49:37.062827080,2026-01-15 23:51:43.662827080,2.11,C,Micro Stop,Assembly Micro Stop,False,False,ACT-100
DT000196,ST01,2026-01-16 11:01:46.388128332,2026-01-16 11:15:16.388128332,13.5,A,Sensor/Control,Coolant Sensor Alarm,False,True,ACT-200
DT000197,ST01,2026-01-16 12:19:04.837672096,2026-01-16 12:30:06.037672095,11.02,A,Tooling,Tool Change,False,True,ACT-200
DT000198,ST02,2026-01-16 08:16:10.160323091,2026-01-16 08:29:40.160323091,13.5,A,Equipment Failure,Gripper Fault,False,True,ACT-200
DT000199,ST02,2026-01-16 12:15:06.294898885,2026-01-16 12:28:36.294898885,13.5,A,Equipment Failure,Gripper Fault,False,True,ACT-200
DT000200,ST03,2026-01-16 08:32:41.726701562,2026-01-16 08:46:11.726701562,13.5,A,Sensor/Control,Measurement Sensor Fault,False,True,ACT-200
DT000201,ST04,2026-01-16 08:45:04.855400679,2026-01-16 08:46:54.655400679,1.83,A,Micro Stop,Assembly Micro Stop,False,False,ACT-200
DT000202,ST05,2026-01-16 09:48:17.911344644,2026-01-16 10:01:47.911344644,13.5,A,Equipment Failure,Packaging Jam,False,True,ACT-200
DT000203,ST01,2026-01-16 21:15:00.000000000,2026-01-16 21:25:21.557579289,10.36,B,Maintenance,Planned Maintenance,True,True,ACT-200
DT000204,ST02,2026-01-16 14:02:15.825195557,2026-01-16 14:15:45.825195557,13.5,B,Equipment Failure,Gripper Fault,False,True,ACT-200
DT000205,ST02,2026-01-16 15:01:07.608727596,2026-01-16 15:02:45.408727596,1.63,B,Micro Stop,Robot Micro Stop,False,False,ACT-200
DT000206,ST01,2026-01-16 23:30:00.000000000,2026-01-16 23:41:03.457757082,11.06,C,Maintenance,Planned Maintenance,True,True,ACT-200
DT000207,ST01,2026-01-17 02:15:00.000000000,2026-01-17 02:26:31.243356592,11.52,C,Maintenance,Planned Maintenance,True,True,ACT-200
DT000208,ST02,2026-01-16 23:17:30.211677148,2026-01-16 23:20:48.811677148,3.31,C,Micro Stop,Robot Micro Stop,False,False,ACT-200
DT000209,ST02,2026-01-17 03:19:08.687705163,2026-01-17 03:32:38.687705163,13.5,C,Sensor/Control,Part Presence Sensor,False,True,ACT-200
DT000210,ST02,2026-01-17 05:01:14.856557275,2026-01-17 05:14:44.856557275,13.5,C,Sensor/Control,Communication Fault,False,True,ACT-200
DT000211,ST03,2026-01-17 03:45:04.129408000,2026-01-17 03:58:34.129408000,13.5,C,Sensor/Control,Vision System Fault,False,True,ACT-200
DT000212,ST04,2026-01-17 02:03:20.939618332,2026-01-17 02:16:50.939618332,13.5,C,Equipment Failure,Fixture Fault,False,True,ACT-200
DT000213,ST04,2026-01-17 04:46:41.832661721,2026-01-17 05:00:11.832661721,13.5,C,Equipment Failure,Fixture Fault,False,True,ACT-200
DT000214,ST05,2026-01-17 05:00:51.826618197,2026-01-17 05:14:21.826618197,13.5,C,Sensor/Control,Label Sensor Fault,False,True,ACT-200
DT000215,ST01,2026-01-19 08:18:08.760047234,2026-01-19 08:31:38.760047234,13.5,A,Tooling,Tool Wear,False,True,ACT-100
DT000216,ST02,2026-01-19 11:18:58.811146459,2026-01-19 11:32:10.811146459,13.2,A,Sensor/Control,Part Presence Sensor,False,True,ACT-100
DT000217,ST03,2026-01-19 10:47:12.624905156,2026-01-19 10:54:54.624905156,7.7,A,Sensor/Control,Vision System Fault,False,False,ACT-100
DT000218,ST01,2026-01-19 16:00:00.000000000,2026-01-19 16:10:28.306107343,10.47,B,Maintenance,Planned Maintenance,True,True,ACT-300
DT000219,ST02,2026-01-19 17:32:55.790753609,2026-01-19 17:46:25.790753609,13.5,B,Equipment Failure,Gripper Fault,False,True,ACT-300
DT000220,ST04,2026-01-19 21:15:53.487978490,2026-01-19 21:29:23.487978490,13.5,B,Equipment Failure,Fixture Fault,False,True,ACT-300
DT000221,ST05,2026-01-19 14:18:26.906604198,2026-01-19 14:28:04.106604197,9.62,B,Sensor/Control,Label Sensor Fault,False,True,ACT-300
DT000222,ST01,2026-01-20 02:47:32.485931917,2026-01-20 02:56:35.485931917,9.05,C,Tooling,Tool Wear,False,True,ACT-100
DT000223,ST02,2026-01-19 22:47:23.466634464,2026-01-19 22:55:07.266634464,7.73,C,Sensor/Control,Communication Fault,False,False,ACT-100
DT000224,ST02,2026-01-20 00:48:30.532731146,2026-01-20 01:02:00.532731146,13.5,C,Equipment Failure,Gripper Fault,False,True,ACT-100
DT000225,ST02,2026-01-20 03:01:32.162516046,2026-01-20 03:15:02.162516046,13.5,C,Sensor/Control,Part Presence Sensor,False,True,ACT-100
DT000226,ST03,2026-01-19 23:46:14.268620066,2026-01-19 23:59:44.268620066,13.5,C,Sensor/Control,Vision System Fault,False,True,ACT-100
DT000227,ST04,2026-01-20 01:34:59.127605283,2026-01-20 01:41:24.327605283,6.42,C,Equipment Failure,Fixture Fault,False,False,ACT-100
DT000228,ST05,2026-01-19 23:19:25.416381826,2026-01-19 23:21:28.416381825,2.05,C,Micro Stop,Packaging Micro Stop,False,False,ACT-100
DT000229,ST01,2026-01-20 07:30:24.714375606,2026-01-20 07:33:34.314375606,3.16,A,Micro Stop,Minor CNC Stop,False,False,ACT-100
DT000230,ST01,2026-01-20 08:00:47.655622847,2026-01-20 08:04:02.655622847,3.25,A,Micro Stop,Minor CNC Stop,False,False,ACT-100
DT000231,ST01,2026-01-20 09:31:10.107010691,2026-01-20 09:44:40.107010691,13.5,A,Equipment Failure,Spindle Fault,False,True,ACT-100
DT000232,ST02,2026-01-20 09:15:09.470248922,2026-01-20 09:28:39.470248922,13.5,A,Equipment Failure,Robot Position Fault,False,True,ACT-100
DT000233,ST02,2026-01-20 11:15:08.757252148,2026-01-20 11:21:29.757252148,6.35,A,Sensor/Control,Part Presence Sensor,False,False,ACT-100
DT000234,ST03,2026-01-20 08:30:00.000000000,2026-01-20 08:39:48.897917717,9.81,A,Maintenance,Planned Maintenance,True,True,ACT-100
DT000235,ST03,2026-01-20 09:18:06.101659218,2026-01-20 09:20:45.101659218,2.65,A,Micro Stop,Inspection Micro Stop,False,False,ACT-100
DT000236,ST04,2026-01-20 09:17:04.349257541,2026-01-20 09:19:03.149257541,1.98,A,Micro Stop,Assembly Micro Stop,False,False,ACT-100
DT000237,ST01,2026-01-20 18:01:24.600770827,2026-01-20 18:14:54.600770827,13.5,B,Equipment Failure,Spindle Fault,False,True,ACT-200
DT000238,ST02,2026-01-20 14:45:27.487945349,2026-01-20 14:48:32.287945349,3.08,B,Micro Stop,Robot Micro Stop,False,False,ACT-200
DT000239,ST02,2026-01-20 15:02:29.900187534,2026-01-20 15:15:59.900187534,13.5,B,Sensor/Control,Part Presence Sensor,False,True,ACT-200
DT000240,ST02,2026-01-20 15:19:30.046425434,2026-01-20 15:26:25.846425433,6.93,B,Equipment Failure,Robot Position Fault,False,False,ACT-200
DT000241,ST04,2026-01-20 18:00:00.000000000,2026-01-20 18:11:05.064036987,11.08,B,Maintenance,Planned Maintenance,True,True,ACT-200
DT000242,ST04,2026-01-20 19:32:10.581671659,2026-01-20 19:45:40.581671659,13.5,B,Material,Component Shortage,False,True,ACT-200
DT000243,ST01,2026-01-21 01:30:00.000000000,2026-01-21 01:35:46.089727829,5.77,C,Maintenance,Planned Maintenance,True,True,ACT-200
DT000244,ST02,2026-01-20 22:30:18.544708153,2026-01-20 22:43:48.544708153,13.5,C,Equipment Failure,Robot Position Fault,False,True,ACT-200
DT000245,ST03,2026-01-20 23:45:00.000000000,2026-01-20 23:54:32.865951937,9.55,C,Maintenance,Planned Maintenance,True,True,ACT-200
DT000246,ST04,2026-01-21 01:03:38.130848314,2026-01-21 01:17:08.130848314,13.5,C,Changeover,Product Changeover,False,True,ACT-200
DT000247,ST04,2026-01-21 01:19:58.089042577,2026-01-21 01:26:28.089042577,6.5,C,Quality,Functional Test Failure,False,False,ACT-200
DT000248,ST05,2026-01-21 03:18:21.682096207,2026-01-21 03:31:51.682096207,13.5,C,Material,Packaging Material Shortage,False,True,ACT-200
DT000249,ST01,2026-01-21 10:03:21.032038716,2026-01-21 10:16:51.032038716,13.5,A,Tooling,Tool Wear,False,True,ACT-300
DT000250,ST03,2026-01-21 13:03:55.077797225,2026-01-21 13:06:34.677797225,2.66,A,Micro Stop,Inspection Micro Stop,False,False,ACT-300
DT000251,ST04,2026-01-21 06:49:56.874657695,2026-01-21 07:03:26.874657695,13.5,A,Changeover,Product Changeover,False,True,ACT-300
DT000252,ST04,2026-01-21 09:31:05.264829004,2026-01-21 09:44:35.264829004,13.5,A,Quality,Functional Test Failure,False,True,ACT-300
DT000253,ST02,2026-01-21 16:18:35.151417617,2026-01-21 16:32:05.151417617,13.5,B,Sensor/Control,Part Presence Sensor,False,True,ACT-100
DT000254,ST03,2026-01-21 17:32:18.629047257,2026-01-21 17:45:48.629047257,13.5,B,Sensor/Control,Vision System Fault,False,True,ACT-100
DT000255,ST03,2026-01-21 17:48:09.189314146,2026-01-21 18:01:39.189314146,13.5,B,Sensor/Control,Vision System Fault,False,True,ACT-100
DT000256,ST03,2026-01-21 18:33:13.917915452,2026-01-21 18:46:43.917915452,13.5,B,Sensor/Control,Vision System Fault,False,True,ACT-100
DT000257,ST05,2026-01-21 21:00:00.000000000,2026-01-21 21:07:28.315191574,7.47,B,Maintenance,Planned Maintenance,True,True,ACT-100
DT000258,ST01,2026-01-21 23:00:38.875361137,2026-01-21 23:09:47.875361137,9.15,C,Tooling,Tool Change,False,True,ACT-100
DT000259,ST02,2026-01-21 22:32:30.816392686,2026-01-21 22:46:00.816392686,13.5,C,Sensor/Control,Part Presence Sensor,False,True,ACT-100
DT000260,ST02,2026-01-21 23:04:26.188803151,2026-01-21 23:17:56.188803151,13.5,C,Equipment Failure,Robot Position Fault,False,True,ACT-100
DT000261,ST02,2026-01-21 23:17:13.050414765,2026-01-21 23:30:43.050414765,13.5,C,Equipment Failure,Robot Position Fault,False,True,ACT-100
DT000262,ST02,2026-01-22 00:30:16.427979356,2026-01-22 00:41:24.827979356,11.14,C,Equipment Failure,Robot Position Fault,False,True,ACT-100
DT000263,ST02,2026-01-22 01:16:20.809433264,2026-01-22 01:29:50.809433264,13.5,C,Equipment Failure,Gripper Fault,False,True,ACT-100
DT000264,ST02,2026-01-22 04:16:32.080723137,2026-01-22 04:22:26.080723137,5.9,C,Sensor/Control,Communication Fault,False,False,ACT-100
DT000265,ST03,2026-01-21 22:19:44.989826427,2026-01-21 22:33:04.789826427,13.33,C,Sensor/Control,Vision System Fault,False,True,ACT-100
DT000266,ST03,2026-01-21 22:34:13.214089610,2026-01-21 22:47:43.214089610,13.5,C,Sensor/Control,Measurement Sensor Fault,False,True,ACT-100
DT000267,ST03,2026-01-22 02:00:21.712002905,2026-01-22 02:13:51.712002905,13.5,C,Sensor/Control,Vision System Fault,False,True,ACT-100
DT000268,ST04,2026-01-21 23:18:01.795881079,2026-01-21 23:31:31.795881079,13.5,C,Material,Component Shortage,False,True,ACT-100
DT000269,ST04,2026-01-22 04:46:19.159462811,2026-01-22 04:48:50.359462811,2.52,C,Micro Stop,Assembly Micro Stop,False,False,ACT-100
DT000270,ST02,2026-01-22 07:18:57.289619660,2026-01-22 07:32:27.289619660,13.5,A,Sensor/Control,Part Presence Sensor,False,True,ACT-100
DT000271,ST03,2026-01-22 06:04:07.229786890,2026-01-22 06:05:10.229786890,1.05,A,Micro Stop,Inspection Micro Stop,False,False,ACT-100
DT000272,ST03,2026-01-22 09:46:14.783359909,2026-01-22 09:48:08.183359908,1.89,A,Micro Stop,Inspection Micro Stop,False,False,ACT-100
DT000273,ST03,2026-01-22 10:30:00.000000000,2026-01-22 10:41:18.392488122,11.31,A,Maintenance,Planned Maintenance,True,True,ACT-100
DT000274,ST03,2026-01-22 12:46:43.638531918,2026-01-22 13:00:13.638531918,13.5,A,Sensor/Control,Vision System Fault,False,True,ACT-100
DT000275,ST03,2026-01-22 13:04:06.964695213,2026-01-22 13:13:03.364695213,8.94,A,Quality,Inspection Calibration,False,True,ACT-100
DT000276,ST04,2026-01-22 11:15:18.917557672,2026-01-22 11:25:18.917557672,10.0,A,Changeover,Product Changeover,False,True,ACT-100
DT000277,ST05,2026-01-22 09:48:33.504230898,2026-01-22 10:02:03.504230898,13.5,A,Sensor/Control,Label Sensor Fault,False,True,ACT-100
DT000278,ST01,2026-01-22 18:04:15.358191053,2026-01-22 18:10:41.158191052,6.43,B,Tooling,Tool Change,False,False,ACT-100
DT000279,ST02,2026-01-22 20:46:58.544402470,2026-01-22 20:48:08.144402470,1.16,B,Micro Stop,Robot Micro Stop,False,False,ACT-100
DT000280,ST03,2026-01-22 16:16:17.461317851,2026-01-22 16:18:26.461317851,2.15,B,Micro Stop,Inspection Micro Stop,False,False,ACT-100
DT000281,ST04,2026-01-22 15:31:14.824764420,2026-01-22 15:34:43.024764420,3.47,B,Micro Stop,Assembly Micro Stop,False,False,ACT-100
DT000282,ST04,2026-01-22 17:45:23.648399133,2026-01-22 17:58:53.648399133,13.5,B,Quality,Functional Test Failure,False,True,ACT-100
DT000283,ST04,2026-01-22 18:48:09.091343268,2026-01-22 18:57:54.691343268,9.76,B,Equipment Failure,Fixture Fault,False,True,ACT-100
DT000284,ST05,2026-01-22 15:01:35.581329403,2026-01-22 15:15:05.581329403,13.5,B,Sensor/Control,Label Sensor Fault,False,True,ACT-100
DT000285,ST01,2026-01-22 22:01:15.367655793,2026-01-22 22:09:43.567655793,8.47,C,Sensor/Control,Coolant Sensor Alarm,False,True,ACT-300
DT000286,ST01,2026-01-23 04:03:40.682431950,2026-01-23 04:17:10.682431950,13.5,C,Equipment Failure,Spindle Fault,False,True,ACT-300
DT000287,ST02,2026-01-22 23:18:15.361187986,2026-01-22 23:25:41.161187985,7.43,C,Equipment Failure,Robot Position Fault,False,False,ACT-300
DT000288,ST02,2026-01-23 03:00:55.719320020,2026-01-23 03:08:52.119320020,7.94,C,Sensor/Control,Communication Fault,False,False,ACT-300
DT000289,ST02,2026-01-23 04:45:36.994203682,2026-01-23 04:59:06.994203682,13.5,C,Equipment Failure,Robot Position Fault,False,True,ACT-300
DT000290,ST03,2026-01-23 05:00:48.215823029,2026-01-23 05:14:18.215823029,13.5,C,Sensor/Control,Measurement Sensor Fault,False,True,ACT-300
DT000291,ST04,2026-01-22 22:46:10.956042681,2026-01-22 22:59:31.956042681,13.35,C,Changeover,Product Changeover,False,True,ACT-300
DT000292,ST04,2026-01-23 05:01:55.111169869,2026-01-23 05:15:25.111169869,13.5,C,Material,Component Shortage,False,True,ACT-300
DT000293,ST05,2026-01-23 02:46:35.698132251,2026-01-23 02:56:07.498132251,9.53,C,Equipment Failure,Packaging Jam,False,True,ACT-300
DT000294,ST02,2026-01-23 07:30:58.489189237,2026-01-23 07:44:28.489189237,13.5,A,Equipment Failure,Robot Position Fault,False,True,ACT-100
DT000295,ST02,2026-01-23 10:04:51.767388914,2026-01-23 10:18:21.767388914,13.5,A,Sensor/Control,Part Presence Sensor,False,True,ACT-100
DT000296,ST03,2026-01-23 06:15:00.000000000,2026-01-23 06:20:26.691894619,5.44,A,Maintenance,Planned Maintenance,True,True,ACT-100
DT000297,ST05,2026-01-23 13:17:32.986351800,2026-01-23 13:18:55.186351800,1.37,A,Micro Stop,Packaging Micro Stop,False,False,ACT-100
DT000298,ST01,2026-01-23 14:30:55.663620023,2026-01-23 14:42:53.863620023,11.97,B,Tooling,Tool Wear,False,True,ACT-100
DT000299,ST01,2026-01-23 18:04:04.966507212,2026-01-23 18:13:25.366507212,9.34,B,Tooling,Tool Change,False,True,ACT-100
DT000300,ST03,2026-01-23 14:49:10.187437399,2026-01-23 15:02:40.187437399,13.5,B,Sensor/Control,Vision System Fault,False,True,ACT-100
DT000301,ST04,2026-01-23 16:03:15.659538657,2026-01-23 16:16:45.659538657,13.5,B,Changeover,Product Changeover,False,True,ACT-100
DT000302,ST05,2026-01-23 18:16:45.480140627,2026-01-23 18:28:43.080140627,11.96,B,Equipment Failure,Packaging Jam,False,True,ACT-100
DT000303,ST01,2026-01-24 03:34:26.392182889,2026-01-24 03:36:32.392182889,2.1,C,Micro Stop,Minor CNC Stop,False,False,ACT-200
DT000304,ST01,2026-01-24 04:16:30.931132140,2026-01-24 04:29:11.131132140,12.67,C,Tooling,Tool Wear,False,True,ACT-200
DT000305,ST02,2026-01-23 22:33:04.187295770,2026-01-23 22:46:34.187295770,13.5,C,Equipment Failure,Robot Position Fault,False,True,ACT-200
DT000306,ST02,2026-01-24 00:47:57.887836649,2026-01-24 00:56:06.887836649,8.15,C,Equipment Failure,Robot Position Fault,False,True,ACT-200
DT000307,ST02,2026-01-24 02:30:22.025647225,2026-01-24 02:34:20.825647225,3.98,C,Micro Stop,Robot Micro Stop,False,False,ACT-200
DT000308,ST03,2026-01-23 22:45:00.000000000,2026-01-23 22:54:17.656392231,9.29,C,Maintenance,Planned Maintenance,True,True,ACT-200
DT000309,ST03,2026-01-24 01:15:37.271518990,2026-01-24 01:29:07.271518990,13.5,C,Quality,Inspection Calibration,False,True,ACT-200
DT000310,ST04,2026-01-24 00:34:47.099601941,2026-01-24 00:48:17.099601941,13.5,C,Equipment Failure,Fixture Fault,False,True,ACT-200
DT000311,ST04,2026-01-24 01:34:32.285431463,2026-01-24 01:48:02.285431463,13.5,C,Quality,Functional Test Failure,False,True,ACT-200
DT000312,ST04,2026-01-24 02:01:29.487803529,2026-01-24 02:14:59.487803529,13.5,C,Material,Component Shortage,False,True,ACT-200
DT000313,ST04,2026-01-24 03:46:53.570055056,2026-01-24 03:56:51.770055056,9.97,C,Quality,Functional Test Failure,False,True,ACT-200
DT000314,ST04,2026-01-24 04:45:06.183947650,2026-01-24 04:58:36.183947650,13.5,C,Equipment Failure,Fixture Fault,False,True,ACT-200
DT000315,ST01,2026-01-26 09:02:52.550802527,2026-01-26 09:16:22.550802527,13.5,A,Tooling,Tool Change,False,True,ACT-200
DT000316,ST02,2026-01-26 10:04:25.109977379,2026-01-26 10:11:23.909977379,6.98,A,Sensor/Control,Part Presence Sensor,False,False,ACT-200
DT000317,ST03,2026-01-26 07:04:58.327706668,2026-01-26 07:18:28.327706668,13.5,A,Sensor/Control,Vision System Fault,False,True,ACT-200
DT000318,ST03,2026-01-26 11:19:15.610985184,2026-01-26 11:32:45.610985184,13.5,A,Sensor/Control,Vision System Fault,False,True,ACT-200
DT000319,ST05,2026-01-26 07:33:11.443370511,2026-01-26 07:45:54.643370511,12.72,A,Sensor/Control,Label Sensor Fault,False,True,ACT-200
DT000320,ST01,2026-01-26 14:30:50.769069270,2026-01-26 14:43:41.769069270,12.85,B,Tooling,Tool Wear,False,True,ACT-100
DT000321,ST01,2026-01-26 17:30:46.412064558,2026-01-26 17:44:16.412064558,13.5,B,Tooling,Tool Wear,False,True,ACT-100
DT000322,ST02,2026-01-26 19:18:13.033656290,2026-01-26 19:31:43.033656290,13.5,B,Equipment Failure,Robot Position Fault,False,True,ACT-100
DT000323,ST03,2026-01-26 18:34:59.634121724,2026-01-26 18:46:59.634121724,12.0,B,Sensor/Control,Measurement Sensor Fault,False,True,ACT-100
DT000324,ST05,2026-01-26 15:18:13.973484137,2026-01-26 15:31:43.973484137,13.5,B,Material,Packaging Material Shortage,False,True,ACT-100
DT000325,ST05,2026-01-26 18:01:56.484069256,2026-01-26 18:04:03.084069256,2.11,B,Micro Stop,Packaging Micro Stop,False,False,ACT-100
DT000326,ST01,2026-01-27 03:33:52.105368898,2026-01-27 03:39:44.905368898,5.88,C,Tooling,Tool Change,False,False,ACT-100
DT000327,ST02,2026-01-27 04:34:04.462788702,2026-01-27 04:47:34.462788702,13.5,C,Sensor/Control,Communication Fault,False,True,ACT-100
DT000328,ST04,2026-01-26 22:31:09.947399560,2026-01-26 22:44:39.947399560,13.5,C,Quality,Functional Test Failure,False,True,ACT-100
DT000329,ST04,2026-01-27 00:33:08.982023676,2026-01-27 00:46:38.982023676,13.5,C,Quality,Functional Test Failure,False,True,ACT-100
DT000330,ST01,2026-01-27 08:01:58.286610438,2026-01-27 08:14:07.886610438,12.16,A,Tooling,Tool Wear,False,True,ACT-100
DT000331,ST01,2026-01-27 11:17:25.107586544,2026-01-27 11:30:55.107586544,13.5,A,Equipment Failure,Spindle Fault,False,True,ACT-100
DT000332,ST02,2026-01-27 08:48:15.933761203,2026-01-27 09:01:45.933761203,13.5,A,Sensor/Control,Part Presence Sensor,False,True,ACT-100
DT000333,ST02,2026-01-27 11:15:00.000000000,2026-01-27 11:25:58.420950202,10.97,A,Maintenance,Planned Maintenance,True,True,ACT-100
DT000334,ST02,2026-01-27 12:46:42.968325850,2026-01-27 12:55:17.168325850,8.57,A,Equipment Failure,Robot Position Fault,False,True,ACT-100
DT000335,ST03,2026-01-27 08:16:41.881924273,2026-01-27 08:30:11.881924273,13.5,A,Sensor/Control,Measurement Sensor Fault,False,True,ACT-100
DT000336,ST04,2026-01-27 11:19:49.300956745,2026-01-27 11:27:42.100956745,7.88,A,Quality,Functional Test Failure,False,False,ACT-100
DT000337,ST05,2026-01-27 11:30:07.652279386,2026-01-27 11:43:37.652279386,13.5,A,Equipment Failure,Packaging Jam,False,True,ACT-100
DT000338,ST01,2026-01-27 16:45:46.093741496,2026-01-27 16:54:35.293741496,8.82,B,Equipment Failure,Spindle Fault,False,True,ACT-200
DT000339,ST01,2026-01-27 18:48:28.547253146,2026-01-27 18:50:36.347253146,2.13,B,Micro Stop,Minor CNC Stop,False,False,ACT-200
DT000340,ST01,2026-01-27 19:15:58.239307516,2026-01-27 19:29:28.239307516,13.5,B,Equipment Failure,Spindle Fault,False,True,ACT-200
DT000341,ST02,2026-01-27 14:49:36.159044583,2026-01-27 15:03:06.159044583,13.5,B,Equipment Failure,Robot Position Fault,False,True,ACT-200
DT000342,ST02,2026-01-27 17:33:20.526411121,2026-01-27 17:34:55.326411121,1.58,B,Micro Stop,Robot Micro Stop,False,False,ACT-200
DT000343,ST04,2026-01-27 16:02:31.717854181,2026-01-27 16:16:01.717854181,13.5,B,Changeover,Product Changeover,False,True,ACT-200
DT000344,ST04,2026-01-27 18:30:26.924351306,2026-01-27 18:43:56.924351306,13.5,B,Equipment Failure,Fixture Fault,False,True,ACT-200
DT000345,ST02,2026-01-27 22:15:19.430325898,2026-01-27 22:24:37.430325898,9.3,C,Sensor/Control,Part Presence Sensor,False,True,ACT-100
DT000346,ST02,2026-01-27 23:49:43.678204184,2026-01-27 23:50:54.478204184,1.18,C,Micro Stop,Robot Micro Stop,False,False,ACT-100
DT000347,ST02,2026-01-28 04:18:30.128831837,2026-01-28 04:32:00.128831837,13.5,C,Sensor/Control,Communication Fault,False,True,ACT-100
DT000348,ST02,2026-01-28 04:34:40.202142388,2026-01-28 04:48:10.202142388,13.5,C,Equipment Failure,Gripper Fault,False,True,ACT-100
DT000349,ST04,2026-01-27 22:49:31.869682231,2026-01-27 23:02:03.669682231,12.53,C,Changeover,Product Changeover,False,True,ACT-100
DT000350,ST04,2026-01-28 00:45:00.000000000,2026-01-28 00:51:48.468192400,6.81,C,Maintenance,Planned Maintenance,True,True,ACT-100
DT000351,ST04,2026-01-28 02:18:38.394363958,2026-01-28 02:32:08.394363958,13.5,C,Changeover,Product Changeover,False,True,ACT-100
DT000352,ST04,2026-01-28 04:04:28.172131973,2026-01-28 04:17:58.172131973,13.5,C,Material,Component Shortage,False,True,ACT-100
DT000353,ST05,2026-01-28 01:33:20.439881610,2026-01-28 01:46:50.439881610,13.5,C,Sensor/Control,Label Sensor Fault,False,True,ACT-100
DT000354,ST01,2026-01-28 06:02:46.635225680,2026-01-28 06:16:16.635225680,13.5,A,Tooling,Tool Wear,False,True,ACT-200
DT000355,ST02,2026-01-28 06:33:29.909599112,2026-01-28 06:46:59.909599112,13.5,A,Sensor/Control,Communication Fault,False,True,ACT-200
DT000356,ST02,2026-01-28 10:34:14.661966376,2026-01-28 10:37:00.261966376,2.76,A,Micro Stop,Robot Micro Stop,False,False,ACT-200
DT000357,ST02,2026-01-28 11:45:42.540780354,2026-01-28 11:59:12.540780354,13.5,A,Sensor/Control,Part Presence Sensor,False,True,ACT-200
DT000358,ST03,2026-01-28 10:30:25.948582206,2026-01-28 10:43:55.948582206,13.5,A,Sensor/Control,Measurement Sensor Fault,False,True,ACT-200
DT000359,ST03,2026-01-28 12:30:30.771731615,2026-01-28 12:44:00.771731615,13.5,A,Sensor/Control,Vision System Fault,False,True,ACT-200
DT000360,ST04,2026-01-28 12:15:57.671120097,2026-01-28 12:29:27.671120097,13.5,A,Changeover,Product Changeover,False,True,ACT-200
DT000361,ST01,2026-01-28 15:34:41.263243645,2026-01-28 15:48:11.263243645,13.5,B,Tooling,Tool Change,False,True,ACT-100
DT000362,ST03,2026-01-28 18:18:43.653041156,2026-01-28 18:32:13.653041156,13.5,B,Quality,Inspection Calibration,False,True,ACT-100
DT000363,ST03,2026-01-28 21:01:22.898078691,2026-01-28 21:09:07.898078691,7.75,B,Sensor/Control,Vision System Fault,False,False,ACT-100
DT000364,ST04,2026-01-28 16:33:00.197413498,2026-01-28 16:46:30.197413498,13.5,B,Changeover,Product Changeover,False,True,ACT-100
DT000365,ST04,2026-01-28 19:48:39.608575694,2026-01-28 20:02:09.608575694,13.5,B,Material,Component Shortage,False,True,ACT-100
DT000366,ST01,2026-01-28 22:31:33.144142142,2026-01-28 22:45:03.144142142,13.5,C,Equipment Failure,Spindle Fault,False,True,ACT-100
DT000367,ST01,2026-01-28 23:00:00.000000000,2026-01-28 23:07:53.744807639,7.9,C,Maintenance,Planned Maintenance,True,True,ACT-100
DT000368,ST01,2026-01-29 04:49:33.384401227,2026-01-29 05:03:03.384401227,13.5,C,Tooling,Tool Wear,False,True,ACT-100
DT000369,ST04,2026-01-29 03:03:15.829418961,2026-01-29 03:04:36.229418961,1.34,C,Micro Stop,Assembly Micro Stop,False,False,ACT-100
DT000370,ST05,2026-01-29 01:45:09.011343926,2026-01-29 01:56:28.211343926,11.32,C,Equipment Failure,Packaging Jam,False,True,ACT-100
DT000371,ST05,2026-01-29 03:19:14.542716541,2026-01-29 03:32:44.542716541,13.5,C,Equipment Failure,Packaging Jam,False,True,ACT-100
DT000372,ST01,2026-01-29 07:15:58.307540834,2026-01-29 07:29:28.307540834,13.5,A,Equipment Failure,Spindle Fault,False,True,ACT-100
DT000373,ST01,2026-01-29 09:30:00.000000000,2026-01-29 09:38:29.587490208,8.49,A,Maintenance,Planned Maintenance,True,True,ACT-100
DT000374,ST02,2026-01-29 12:15:22.969084399,2026-01-29 12:28:52.969084399,13.5,A,Sensor/Control,Communication Fault,False,True,ACT-100
DT000375,ST02,2026-01-29 12:45:38.885705953,2026-01-29 12:59:08.885705953,13.5,A,Equipment Failure,Robot Position Fault,False,True,ACT-100
DT000376,ST03,2026-01-29 08:15:05.106727253,2026-01-29 08:28:35.106727253,13.5,A,Sensor/Control,Vision System Fault,False,True,ACT-100
DT000377,ST03,2026-01-29 10:15:00.000000000,2026-01-29 10:22:10.400741707,7.17,A,Maintenance,Planned Maintenance,True,True,ACT-100
DT000378,ST04,2026-01-29 08:00:00.000000000,2026-01-29 08:11:05.658653221,11.09,A,Maintenance,Planned Maintenance,True,True,ACT-100
DT000379,ST04,2026-01-29 09:34:49.086783158,2026-01-29 09:48:19.086783158,13.5,A,Changeover,Product Changeover,False,True,ACT-100
DT000380,ST04,2026-01-29 10:19:23.759290571,2026-01-29 10:26:29.159290571,7.09,A,Equipment Failure,Fixture Fault,False,False,ACT-100
DT000381,ST04,2026-01-29 13:00:00.000000000,2026-01-29 13:09:50.871099459,9.85,A,Maintenance,Planned Maintenance,True,True,ACT-100
DT000382,ST05,2026-01-29 10:00:02.102967747,2026-01-29 10:01:04.502967747,1.04,A,Micro Stop,Packaging Micro Stop,False,False,ACT-100
DT000383,ST05,2026-01-29 11:16:33.738252764,2026-01-29 11:30:03.738252764,13.5,A,Material,Packaging Material Shortage,False,True,ACT-100
DT000384,ST01,2026-01-29 15:45:00.000000000,2026-01-29 15:52:13.171513178,7.22,B,Maintenance,Planned Maintenance,True,True,ACT-300
DT000385,ST01,2026-01-29 17:30:00.000000000,2026-01-29 17:41:31.893559507,11.53,B,Maintenance,Planned Maintenance,True,True,ACT-300
DT000386,ST02,2026-01-29 16:47:13.298685070,2026-01-29 17:00:43.298685070,13.5,B,Equipment Failure,Gripper Fault,False,True,ACT-300
DT000387,ST02,2026-01-29 19:45:17.730041303,2026-01-29 19:58:47.730041303,13.5,B,Equipment Failure,Robot Position Fault,False,True,ACT-300
DT000388,ST03,2026-01-29 17:32:56.948120617,2026-01-29 17:46:26.948120617,13.5,B,Sensor/Control,Vision System Fault,False,True,ACT-300
DT000389,ST04,2026-01-29 18:15:07.548146965,2026-01-29 18:28:37.548146965,13.5,B,Changeover,Product Changeover,False,True,ACT-300
DT000390,ST01,2026-01-30 00:32:30.485112355,2026-01-30 00:40:22.685112355,7.87,C,Equipment Failure,Spindle Fault,False,False,ACT-200
DT000391,ST02,2026-01-29 22:19:29.832359347,2026-01-29 22:32:59.832359347,13.5,C,Equipment Failure,Gripper Fault,False,True,ACT-200
DT000392,ST02,2026-01-30 00:04:45.851756896,2026-01-30 00:18:15.851756896,13.5,C,Equipment Failure,Robot Position Fault,False,True,ACT-200
DT000393,ST02,2026-01-30 01:48:29.698225643,2026-01-30 01:57:08.098225643,8.64,C,Equipment Failure,Robot Position Fault,False,True,ACT-200
DT000394,ST02,2026-01-30 03:15:22.350740705,2026-01-30 03:28:52.350740705,13.5,C,Sensor/Control,Part Presence Sensor,False,True,ACT-200
DT000395,ST03,2026-01-30 01:18:52.048168161,2026-01-30 01:21:51.448168161,2.99,C,Micro Stop,Inspection Micro Stop,False,False,ACT-200
DT000396,ST03,2026-01-30 04:31:26.491977712,2026-01-30 04:44:56.491977712,13.5,C,Sensor/Control,Measurement Sensor Fault,False,True,ACT-200
DT000397,ST04,2026-01-29 22:32:35.296404566,2026-01-29 22:46:05.296404566,13.5,C,Changeover,Product Changeover,False,True,ACT-200
DT000398,ST04,2026-01-30 03:17:46.832301876,2026-01-30 03:25:50.432301876,8.06,C,Material,Component Shortage,False,True,ACT-200
DT000399,ST04,2026-01-30 04:00:15.283932123,2026-01-30 04:04:35.683932122,4.34,C,Micro Stop,Assembly Micro Stop,False,False,ACT-200
DT000400,ST05,2026-01-29 23:31:09.580141579,2026-01-29 23:40:10.180141579,9.01,C,Equipment Failure,Packaging Jam,False,True,ACT-200
DT000401,ST05,2026-01-29 23:46:44.706298696,2026-01-30 00:00:14.706298696,13.5,C,Sensor/Control,Label Sensor Fault,False,True,ACT-200
DT000402,ST01,2026-01-30 11:03:16.614944661,2026-01-30 11:04:54.414944661,1.63,A,Micro Stop,Minor CNC Stop,False,False,ACT-200
DT000403,ST01,2026-01-30 12:01:38.903368615,2026-01-30 12:10:47.903368615,9.15,A,Tooling,Tool Change,False,True,ACT-200
DT000404,ST01,2026-01-30 13:03:09.672055111,2026-01-30 13:14:50.472055111,11.68,A,Tooling,Tool Wear,False,True,ACT-200
DT000405,ST02,2026-01-30 08:01:08.024347902,2026-01-30 08:03:38.024347902,2.5,A,Micro Stop,Robot Micro Stop,False,False,ACT-200
DT000406,ST02,2026-01-30 11:33:21.273182394,2026-01-30 11:36:50.673182394,3.49,A,Micro Stop,Robot Micro Stop,False,False,ACT-200
DT000407,ST03,2026-01-30 11:00:39.855753612,2026-01-30 11:04:02.655753611,3.38,A,Micro Stop,Inspection Micro Stop,False,False,ACT-200
DT000408,ST04,2026-01-30 09:03:57.131430763,2026-01-30 09:17:27.131430763,13.5,A,Quality,Functional Test Failure,False,True,ACT-200
DT000409,ST04,2026-01-30 10:02:07.544854057,2026-01-30 10:15:37.544854057,13.5,A,Quality,Functional Test Failure,False,True,ACT-200
DT000410,ST05,2026-01-30 07:45:03.627808441,2026-01-30 07:58:33.627808441,13.5,A,Equipment Failure,Packaging Jam,False,True,ACT-200
DT000411,ST05,2026-01-30 11:04:06.803480456,2026-01-30 11:17:36.803480456,13.5,A,Sensor/Control,Label Sensor Fault,False,True,ACT-200
DT000412,ST01,2026-01-30 14:30:52.421427706,2026-01-30 14:44:22.421427706,13.5,B,Tooling,Tool Change,False,True,ACT-100
DT000413,ST01,2026-01-30 15:00:00.000000000,2026-01-30 15:09:03.412129652,9.06,B,Maintenance,Planned Maintenance,True,True,ACT-100
DT000414,ST01,2026-01-30 17:31:18.877880071,2026-01-30 17:44:48.877880071,13.5,B,Equipment Failure,Spindle Fault,False,True,ACT-100
DT000415,ST02,2026-01-30 14:01:15.622802593,2026-01-30 14:14:45.622802593,13.5,B,Equipment Failure,Robot Position Fault,False,True,ACT-100
DT000416,ST02,2026-01-30 17:47:13.958336875,2026-01-30 18:00:43.958336875,13.5,B,Equipment Failure,Robot Position Fault,False,True,ACT-100
DT000417,ST02,2026-01-30 18:30:00.000000000,2026-01-30 18:38:09.134232367,8.15,B,Maintenance,Planned Maintenance,True,True,ACT-100
DT000418,ST03,2026-01-30 15:03:07.661894170,2026-01-30 15:05:41.261894170,2.56,B,Micro Stop,Inspection Micro Stop,False,False,ACT-100
DT000419,ST03,2026-01-30 16:19:55.338601484,2026-01-30 16:33:25.338601484,13.5,B,Quality,Inspection Calibration,False,True,ACT-100
DT000420,ST04,2026-01-30 17:46:52.354385297,2026-01-30 17:52:33.754385297,5.69,B,Equipment Failure,Fixture Fault,False,False,ACT-100
DT000421,ST04,2026-01-30 18:02:02.815974990,2026-01-30 18:15:32.815974990,13.5,B,Changeover,Product Changeover,False,True,ACT-100
DT000422,ST04,2026-01-30 18:30:04.165097907,2026-01-30 18:43:34.165097907,13.5,B,Quality,Functional Test Failure,False,True,ACT-100
DT000423,ST04,2026-01-30 20:01:21.156087506,2026-01-30 20:14:51.156087506,13.5,B,Changeover,Product Changeover,False,True,ACT-100
DT000424,ST01,2026-01-30 22:02:03.424140725,2026-01-30 22:15:33.424140725,13.5,C,Tooling,Tool Change,False,True,ACT-100
DT000425,ST01,2026-01-30 23:15:09.099381784,2026-01-30 23:26:31.299381783,11.37,C,Tooling,Tool Wear,False,True,ACT-100
DT000426,ST02,2026-01-30 23:01:53.708392193,2026-01-30 23:03:47.708392193,1.9,C,Micro Stop,Robot Micro Stop,False,False,ACT-100
DT000427,ST02,2026-01-31 03:47:40.152927911,2026-01-31 04:01:10.152927911,13.5,C,Sensor/Control,Part Presence Sensor,False,True,ACT-100
DT000428,ST03,2026-01-30 22:15:29.459149724,2026-01-30 22:24:30.659149723,9.02,C,Sensor/Control,Vision System Fault,False,True,ACT-100
DT000429,ST03,2026-01-31 01:01:53.028774373,2026-01-31 01:15:23.028774373,13.5,C,Quality,Inspection Calibration,False,True,ACT-100
DT000430,ST03,2026-01-31 04:01:34.489781891,2026-01-31 04:03:59.089781891,2.41,C,Micro Stop,Inspection Micro Stop,False,False,ACT-100
DT000431,ST04,2026-01-31 00:45:00.000000000,2026-01-31 00:56:12.628923547,11.21,C,Maintenance,Planned Maintenance,True,True,ACT-100
DT000432,ST04,2026-01-31 02:01:20.407271345,2026-01-31 02:14:50.407271345,13.5,C,Equipment Failure,Fixture Fault,False,True,ACT-100
DT000433,ST05,2026-01-31 00:15:00.000000000,2026-01-31 00:25:51.841685380,10.86,C,Maintenance,Planned Maintenance,True,True,ACT-100
DT000434,ST02,2026-02-02 06:46:28.611562877,2026-02-02 06:49:18.411562877,2.83,A,Micro Stop,Robot Micro Stop,False,False,ACT-100
DT000435,ST02,2026-02-02 10:33:53.217875611,2026-02-02 10:47:23.217875611,13.5,A,Sensor/Control,Part Presence Sensor,False,True,ACT-100
DT000436,ST03,2026-02-02 12:32:17.465476496,2026-02-02 12:45:47.465476496,13.5,A,Sensor/Control,Vision System Fault,False,True,ACT-100
DT000437,ST04,2026-02-02 09:30:00.000000000,2026-02-02 09:39:54.858165899,9.91,A,Maintenance,Planned Maintenance,True,True,ACT-100
DT000438,ST04,2026-02-02 10:48:58.672471480,2026-02-02 11:02:28.672471480,13.5,A,Equipment Failure,Fixture Fault,False,True,ACT-100
DT000439,ST05,2026-02-02 09:31:54.093933130,2026-02-02 09:33:42.693933130,1.81,A,Micro Stop,Packaging Micro Stop,False,False,ACT-100
DT000440,ST02,2026-02-02 16:15:12.478820816,2026-02-02 16:28:42.478820816,13.5,B,Sensor/Control,Part Presence Sensor,False,True,ACT-100
DT000441,ST03,2026-02-02 16:30:00.000000000,2026-02-02 16:41:43.434034038,11.72,B,Maintenance,Planned Maintenance,True,True,ACT-100
DT000442,ST03,2026-02-02 19:17:58.197905606,2026-02-02 19:31:28.197905606,13.5,B,Sensor/Control,Vision System Fault,False,True,ACT-100
DT000443,ST04,2026-02-02 20:33:40.063469144,2026-02-02 20:47:10.063469144,13.5,B,Material,Component Shortage,False,True,ACT-100
DT000444,ST05,2026-02-02 15:34:48.691813408,2026-02-02 15:48:18.691813408,13.5,B,Material,Packaging Material Shortage,False,True,ACT-100
DT000445,ST01,2026-02-03 04:30:52.889551994,2026-02-03 04:44:22.889551994,13.5,C,Sensor/Control,Coolant Sensor Alarm,False,True,ACT-200
DT000446,ST02,2026-02-02 23:31:46.897888042,2026-02-02 23:45:16.897888042,13.5,C,Sensor/Control,Part Presence Sensor,False,True,ACT-200
DT000447,ST02,2026-02-03 01:32:53.979237205,2026-02-03 01:34:20.979237205,1.45,C,Micro Stop,Robot Micro Stop,False,False,ACT-200
DT000448,ST02,2026-02-03 04:17:11.968355940,2026-02-03 04:30:41.968355940,13.5,C,Sensor/Control,Communication Fault,False,True,ACT-200
DT000449,ST02,2026-02-03 04:32:18.173268821,2026-02-03 04:45:48.173268821,13.5,C,Equipment Failure,Gripper Fault,False,True,ACT-200
DT000450,ST03,2026-02-02 23:00:00.000000000,2026-02-02 23:07:39.710050924,7.66,C,Maintenance,Planned Maintenance,True,True,ACT-200
DT000451,ST03,2026-02-03 01:15:00.000000000,2026-02-03 01:21:15.825083280,6.26,C,Maintenance,Planned Maintenance,True,True,ACT-200
DT000452,ST03,2026-02-03 02:32:46.627126026,2026-02-03 02:46:16.627126026,13.5,C,Sensor/Control,Measurement Sensor Fault,False,True,ACT-200
DT000453,ST03,2026-02-03 05:15:05.283337008,2026-02-03 05:16:38.883337008,1.56,C,Micro Stop,Inspection Micro Stop,False,False,ACT-200
DT000454,ST04,2026-02-02 22:45:15.736451437,2026-02-02 22:58:45.736451437,13.5,C,Changeover,Product Changeover,False,True,ACT-200
DT000455,ST04,2026-02-03 01:49:44.154194947,2026-02-03 02:03:14.154194947,13.5,C,Quality,Functional Test Failure,False,True,ACT-200
DT000456,ST04,2026-02-03 04:02:44.006738910,2026-02-03 04:16:14.006738910,13.5,C,Quality,Functional Test Failure,False,True,ACT-200
DT000457,ST05,2026-02-03 03:49:55.903656927,2026-02-03 03:58:41.503656927,8.76,C,Sensor/Control,Label Sensor Fault,False,True,ACT-200
DT000458,ST05,2026-02-03 04:01:59.565633949,2026-02-03 04:15:29.565633949,13.5,C,Equipment Failure,Packaging Jam,False,True,ACT-200
DT000459,ST02,2026-02-03 09:01:52.103301051,2026-02-03 09:13:50.903301051,11.98,A,Sensor/Control,Communication Fault,False,True,ACT-300
DT000460,ST02,2026-02-03 11:02:27.815800424,2026-02-03 11:15:57.815800424,13.5,A,Equipment Failure,Gripper Fault,False,True,ACT-300
DT000461,ST04,2026-02-03 11:33:05.569086731,2026-02-03 11:36:55.369086731,3.83,A,Micro Stop,Assembly Micro Stop,False,False,ACT-300
DT000462,ST04,2026-02-03 12:01:11.341722141,2026-02-03 12:06:25.141722141,5.23,A,Equipment Failure,Fixture Fault,False,False,ACT-300
DT000463,ST05,2026-02-03 06:45:29.129310467,2026-02-03 06:53:22.529310467,7.89,A,Equipment Failure,Packaging Jam,False,False,ACT-300
DT000464,ST01,2026-02-03 15:00:00.000000000,2026-02-03 15:11:07.130039681,11.12,B,Maintenance,Planned Maintenance,True,True,ACT-100
DT000465,ST02,2026-02-03 16:19:37.586950443,2026-02-03 16:33:07.586950443,13.5,B,Equipment Failure,Robot Position Fault,False,True,ACT-100
DT000466,ST02,2026-02-03 18:18:21.527903521,2026-02-03 18:31:51.527903521,13.5,B,Sensor/Control,Communication Fault,False,True,ACT-100
DT000467,ST02,2026-02-03 18:45:12.345372084,2026-02-03 18:58:42.345372084,13.5,B,Equipment Failure,Gripper Fault,False,True,ACT-100
DT000468,ST03,2026-02-03 21:03:48.852984712,2026-02-03 21:17:18.852984712,13.5,B,Sensor/Control,Vision System Fault,False,True,ACT-100
DT000469,ST04,2026-02-03 18:01:10.820016816,2026-02-03 18:14:40.820016816,13.5,B,Material,Component Shortage,False,True,ACT-100
DT000470,ST04,2026-02-03 18:30:00.000000000,2026-02-03 18:41:51.157720387,11.85,B,Maintenance,Planned Maintenance,True,True,ACT-100
DT000471,ST01,2026-02-04 01:15:00.000000000,2026-02-04 01:22:02.190445781,7.04,C,Maintenance,Planned Maintenance,True,True,ACT-200
DT000472,ST02,2026-02-03 22:30:17.704993279,2026-02-03 22:43:47.704993279,13.5,C,Equipment Failure,Gripper Fault,False,True,ACT-200
DT000473,ST02,2026-02-04 00:00:25.749280503,2026-02-04 00:02:46.149280502,2.34,C,Micro Stop,Robot Micro Stop,False,False,ACT-200
DT000474,ST02,2026-02-04 03:01:35.459524135,2026-02-04 03:15:05.459524135,13.5,C,Sensor/Control,Part Presence Sensor,False,True,ACT-200
DT000475,ST02,2026-02-04 04:03:19.734952268,2026-02-04 04:16:49.734952268,13.5,C,Equipment Failure,Gripper Fault,False,True,ACT-200
DT000476,ST03,2026-02-04 00:45:00.000000000,2026-02-04 00:56:13.724673575,11.23,C,Maintenance,Planned Maintenance,True,True,ACT-200
DT000477,ST04,2026-02-03 23:17:04.984865105,2026-02-03 23:19:26.584865105,2.36,C,Micro Stop,Assembly Micro Stop,False,False,ACT-200
DT000478,ST04,2026-02-04 04:18:09.543499075,2026-02-04 04:31:39.543499075,13.5,C,Equipment Failure,Fixture Fault,False,True,ACT-200
DT000479,ST03,2026-02-04 07:03:16.962038264,2026-02-04 07:16:46.962038264,13.5,A,Sensor/Control,Vision System Fault,False,True,ACT-100
DT000480,ST03,2026-02-04 08:00:00.000000000,2026-02-04 08:08:51.308566716,8.86,A,Maintenance,Planned Maintenance,True,True,ACT-100
DT000481,ST03,2026-02-04 11:19:37.470210558,2026-02-04 11:23:32.070210558,3.91,A,Micro Stop,Inspection Micro Stop,False,False,ACT-100
DT000482,ST04,2026-02-04 11:45:00.000000000,2026-02-04 11:52:41.994528675,7.7,A,Maintenance,Planned Maintenance,True,True,ACT-100
DT000483,ST05,2026-02-04 12:04:34.644782004,2026-02-04 12:18:04.644782004,13.5,A,Material,Packaging Material Shortage,False,True,ACT-100
DT000484,ST05,2026-02-04 13:01:14.926761681,2026-02-04 13:13:53.326761681,12.64,A,Material,Packaging Material Shortage,False,True,ACT-100
DT000485,ST01,2026-02-04 16:15:42.393213899,2026-02-04 16:21:33.393213899,5.85,B,Tooling,Tool Wear,False,False,ACT-100
DT000486,ST02,2026-02-04 14:17:54.986889009,2026-02-04 14:31:24.986889009,13.5,B,Sensor/Control,Part Presence Sensor,False,True,ACT-100
DT000487,ST02,2026-02-04 18:15:00.000000000,2026-02-04 18:20:30.771874989,5.51,B,Maintenance,Planned Maintenance,True,True,ACT-100
DT000488,ST04,2026-02-04 14:17:06.008315538,2026-02-04 14:30:03.008315538,12.95,B,Equipment Failure,Fixture Fault,False,True,ACT-100
DT000489,ST04,2026-02-04 17:17:46.597250853,2026-02-04 17:31:16.597250853,13.5,B,Equipment Failure,Fixture Fault,False,True,ACT-100
DT000490,ST04,2026-02-04 17:32:16.549975842,2026-02-04 17:45:46.549975842,13.5,B,Quality,Functional Test Failure,False,True,ACT-100
DT000491,ST01,2026-02-05 03:32:57.257581894,2026-02-05 03:46:27.257581894,13.5,C,Equipment Failure,Spindle Fault,False,True,ACT-300
DT000492,ST01,2026-02-05 04:31:06.643478375,2026-02-05 04:44:36.643478375,13.5,C,Equipment Failure,Spindle Fault,False,True,ACT-300
DT000493,ST02,2026-02-05 02:34:19.865348428,2026-02-05 02:47:49.865348428,13.5,C,Equipment Failure,Robot Position Fault,False,True,ACT-300
DT000494,ST02,2026-02-05 03:48:00.844746601,2026-02-05 04:01:30.844746601,13.5,C,Equipment Failure,Robot Position Fault,False,True,ACT-300
DT000495,ST02,2026-02-05 04:17:17.604083666,2026-02-05 04:30:47.604083666,13.5,C,Equipment Failure,Gripper Fault,False,True,ACT-300
DT000496,ST03,2026-02-05 02:03:47.636502645,2026-02-05 02:16:04.436502645,12.28,C,Sensor/Control,Measurement Sensor Fault,False,True,ACT-300
DT000497,ST05,2026-02-05 00:34:11.148061152,2026-02-05 00:47:41.148061152,13.5,C,Equipment Failure,Packaging Jam,False,True,ACT-300
DT000498,ST02,2026-02-05 10:45:25.569093296,2026-02-05 10:58:55.569093296,13.5,A,Sensor/Control,Part Presence Sensor,False,True,ACT-100
DT000499,ST02,2026-02-05 11:34:12.361799507,2026-02-05 11:46:36.361799507,12.4,A,Sensor/Control,Part Presence Sensor,False,True,ACT-100
DT000500,ST02,2026-02-05 12:00:00.000000000,2026-02-05 12:06:30.382521826,6.51,A,Maintenance,Planned Maintenance,True,True,ACT-100
DT000501,ST03,2026-02-05 09:49:42.510940411,2026-02-05 10:03:12.510940411,13.5,A,Quality,Inspection Calibration,False,True,ACT-100
DT000502,ST03,2026-02-05 11:01:22.963088368,2026-02-05 11:14:52.963088368,13.5,A,Quality,Inspection Calibration,False,True,ACT-100
DT000503,ST05,2026-02-05 09:33:54.487332962,2026-02-05 09:41:22.087332962,7.46,A,Sensor/Control,Label Sensor Fault,False,False,ACT-100
DT000504,ST01,2026-02-05 14:48:16.236109601,2026-02-05 15:01:46.236109601,13.5,B,Tooling,Tool Wear,False,True,ACT-100
DT000505,ST01,2026-02-05 17:16:43.205595046,2026-02-05 17:30:13.205595046,13.5,B,Equipment Failure,Spindle Fault,False,True,ACT-100
DT000506,ST02,2026-02-05 17:18:09.676527265,2026-02-05 17:31:39.676527265,13.5,B,Equipment Failure,Robot Position Fault,False,True,ACT-100
DT000507,ST02,2026-02-05 18:04:41.366721426,2026-02-05 18:16:29.366721426,11.8,B,Equipment Failure,Robot Position Fault,False,True,ACT-100
DT000508,ST02,2026-02-05 20:00:36.542229671,2026-02-05 20:04:46.142229671,4.16,B,Micro Stop,Robot Micro Stop,False,False,ACT-100
DT000509,ST03,2026-02-05 14:01:44.496789459,2026-02-05 14:15:14.496789459,13.5,B,Sensor/Control,Vision System Fault,False,True,ACT-100
DT000510,ST03,2026-02-05 14:46:41.612962742,2026-02-05 14:50:08.612962742,3.45,B,Micro Stop,Inspection Micro Stop,False,False,ACT-100
DT000511,ST03,2026-02-05 19:45:11.438453642,2026-02-05 19:58:41.438453642,13.5,B,Sensor/Control,Vision System Fault,False,True,ACT-100
DT000512,ST04,2026-02-05 15:32:54.971191158,2026-02-05 15:46:24.971191158,13.5,B,Equipment Failure,Fixture Fault,False,True,ACT-100
DT000513,ST04,2026-02-05 16:32:21.908568076,2026-02-05 16:45:51.908568076,13.5,B,Changeover,Product Changeover,False,True,ACT-100
DT000514,ST04,2026-02-05 18:30:00.000000000,2026-02-05 18:38:40.185245105,8.67,B,Maintenance,Planned Maintenance,True,True,ACT-100
DT000515,ST05,2026-02-05 18:46:02.346401178,2026-02-05 18:59:32.346401178,13.5,B,Material,Packaging Material Shortage,False,True,ACT-100
DT000516,ST01,2026-02-06 01:45:54.709935604,2026-02-06 01:59:24.709935604,13.5,C,Equipment Failure,Spindle Fault,False,True,ACT-100
DT000517,ST01,2026-02-06 04:49:14.507262788,2026-02-06 04:57:01.307262788,7.78,C,Equipment Failure,Spindle Fault,False,False,ACT-100
DT000518,ST01,2026-02-06 05:15:00.000000000,2026-02-06 05:23:12.959162089,8.22,C,Maintenance,Planned Maintenance,True,True,ACT-100
DT000519,ST02,2026-02-05 22:48:07.548335030,2026-02-05 23:01:37.548335030,13.5,C,Equipment Failure,Robot Position Fault,False,True,ACT-100
DT000520,ST02,2026-02-05 23:03:33.649960171,2026-02-05 23:17:03.649960171,13.5,C,Equipment Failure,Robot Position Fault,False,True,ACT-100
DT000521,ST02,2026-02-06 02:00:08.648206551,2026-02-06 02:13:38.648206551,13.5,C,Equipment Failure,Robot Position Fault,False,True,ACT-100
DT000522,ST02,2026-02-06 02:19:21.773118220,2026-02-06 02:30:09.773118220,10.8,C,Equipment Failure,Robot Position Fault,False,True,ACT-100
DT000523,ST02,2026-02-06 04:32:58.870081311,2026-02-06 04:46:28.870081311,13.5,C,Equipment Failure,Gripper Fault,False,True,ACT-100
DT000524,ST03,2026-02-06 00:31:22.466844510,2026-02-06 00:44:52.466844510,13.5,C,Sensor/Control,Measurement Sensor Fault,False,True,ACT-100
DT000525,ST04,2026-02-06 04:30:00.000000000,2026-02-06 04:35:17.084807226,5.28,C,Maintenance,Planned Maintenance,True,True,ACT-100
DT000526,ST05,2026-02-06 02:49:00.677078424,2026-02-06 03:02:30.677078424,13.5,C,Sensor/Control,Label Sensor Fault,False,True,ACT-100
DT000527,ST02,2026-02-06 11:30:43.400299517,2026-02-06 11:44:13.400299517,13.5,A,Equipment Failure,Robot Position Fault,False,True,ACT-100
DT000528,ST03,2026-02-06 10:48:21.106087346,2026-02-06 11:01:51.106087346,13.5,A,Sensor/Control,Vision System Fault,False,True,ACT-100
DT000529,ST04,2026-02-06 08:04:03.916627743,2026-02-06 08:17:33.916627743,13.5,A,Material,Component Shortage,False,True,ACT-100
DT000530,ST04,2026-02-06 10:34:26.765812628,2026-02-06 10:47:56.765812628,13.5,A,Quality,Functional Test Failure,False,True,ACT-100
DT000531,ST01,2026-02-06 14:18:54.130036946,2026-02-06 14:28:41.530036946,9.79,B,Sensor/Control,Coolant Sensor Alarm,False,True,ACT-200
DT000532,ST01,2026-02-06 16:18:38.545906482,2026-02-06 16:20:22.945906482,1.74,B,Micro Stop,Minor CNC Stop,False,False,ACT-200
DT000533,ST01,2026-02-06 17:18:19.202318780,2026-02-06 17:20:43.802318780,2.41,B,Micro Stop,Minor CNC Stop,False,False,ACT-200
DT000534,ST02,2026-02-06 15:45:56.518783799,2026-02-06 15:59:26.518783799,13.5,B,Equipment Failure,Robot Position Fault,False,True,ACT-200
DT000535,ST03,2026-02-06 19:15:00.000000000,2026-02-06 19:26:42.824138673,11.71,B,Maintenance,Planned Maintenance,True,True,ACT-200
DT000536,ST03,2026-02-06 21:18:46.584696729,2026-02-06 21:32:16.584696729,13.5,B,Quality,Inspection Calibration,False,True,ACT-200
DT000537,ST04,2026-02-06 17:00:00.000000000,2026-02-06 17:05:36.975551904,5.62,B,Maintenance,Planned Maintenance,True,True,ACT-200
DT000538,ST04,2026-02-06 17:15:56.037854135,2026-02-06 17:29:26.037854135,13.5,B,Equipment Failure,Fixture Fault,False,True,ACT-200
DT000539,ST04,2026-02-06 21:16:11.040966814,2026-02-06 21:29:41.040966814,13.5,B,Equipment Failure,Fixture Fault,False,True,ACT-200
DT000540,ST05,2026-02-06 16:02:38.354854739,2026-02-06 16:14:55.154854739,12.28,B,Equipment Failure,Packaging Jam,False,True,ACT-200
DT000541,ST05,2026-02-06 17:33:33.408177232,2026-02-06 17:43:58.008177232,10.41,B,Sensor/Control,Label Sensor Fault,False,True,ACT-200
DT000542,ST01,2026-02-07 03:00:00.000000000,2026-02-07 03:07:01.777699202,7.03,C,Maintenance,Planned Maintenance,True,True,ACT-100
DT000543,ST01,2026-02-07 03:32:58.330710283,2026-02-07 03:41:31.930710283,8.56,C,Tooling,Tool Change,False,True,ACT-100
DT000544,ST03,2026-02-06 22:02:58.671061469,2026-02-06 22:07:04.071061468,4.09,C,Micro Stop,Inspection Micro Stop,False,False,ACT-100
DT000545,ST03,2026-02-07 02:32:05.354443922,2026-02-07 02:36:20.354443922,4.25,C,Micro Stop,Inspection Micro Stop,False,False,ACT-100
DT000546,ST04,2026-02-06 23:46:58.459879867,2026-02-07 00:00:28.459879867,13.5,C,Quality,Functional Test Failure,False,True,ACT-100
DT000547,ST04,2026-02-07 00:15:00.000000000,2026-02-07 00:25:21.828018103,10.36,C,Maintenance,Planned Maintenance,True,True,ACT-100
DT000548,ST04,2026-02-07 00:30:23.539017418,2026-02-07 00:43:53.539017418,13.5,C,Quality,Functional Test Failure,False,True,ACT-100
DT000549,ST04,2026-02-07 01:45:00.000000000,2026-02-07 01:52:32.567828188,7.54,C,Maintenance,Planned Maintenance,True,True,ACT-100
DT000550,ST05,2026-02-07 00:15:22.025079254,2026-02-07 00:28:52.025079254,13.5,C,Equipment Failure,Packaging Jam,False,True,ACT-100
DT000551,ST05,2026-02-07 00:47:45.673807479,2026-02-07 01:01:15.673807479,13.5,C,Equipment Failure,Packaging Jam,False,True,ACT-100
DT000552,ST05,2026-02-07 02:00:00.000000000,2026-02-07 02:07:48.172305111,7.8,C,Maintenance,Planned Maintenance,True,True,ACT-100
DT000553,ST01,2026-02-09 12:32:08.613836719,2026-02-09 12:45:38.613836719,13.5,A,Tooling,Tool Wear,False,True,ACT-100
DT000554,ST02,2026-02-09 07:31:05.940950697,2026-02-09 07:44:35.940950697,13.5,A,Sensor/Control,Communication Fault,False,True,ACT-100
DT000555,ST02,2026-02-09 12:32:31.812706510,2026-02-09 12:46:01.812706510,13.5,A,Sensor/Control,Part Presence Sensor,False,True,ACT-100
DT000556,ST03,2026-02-09 06:46:17.928126642,2026-02-09 06:59:47.928126642,13.5,A,Quality,Inspection Calibration,False,True,ACT-100
DT000557,ST03,2026-02-09 07:45:12.312072273,2026-02-09 07:58:42.312072273,13.5,A,Quality,Inspection Calibration,False,True,ACT-100
DT000558,ST04,2026-02-09 07:48:34.079177827,2026-02-09 08:02:04.079177827,13.5,A,Material,Component Shortage,False,True,ACT-100
DT000559,ST04,2026-02-09 09:49:13.021028949,2026-02-09 10:02:43.021028949,13.5,A,Changeover,Product Changeover,False,True,ACT-100
DT000560,ST04,2026-02-09 13:15:07.819467771,2026-02-09 13:28:37.819467771,13.5,A,Changeover,Product Changeover,False,True,ACT-100
DT000561,ST01,2026-02-09 16:48:29.432416181,2026-02-09 16:58:34.232416181,10.08,B,Tooling,Tool Change,False,True,ACT-100
DT000562,ST02,2026-02-09 14:31:39.951180108,2026-02-09 14:45:09.951180108,13.5,B,Equipment Failure,Gripper Fault,False,True,ACT-100
DT000563,ST02,2026-02-09 17:34:11.759648567,2026-02-09 17:47:41.759648567,13.5,B,Equipment Failure,Robot Position Fault,False,True,ACT-100
DT000564,ST03,2026-02-09 15:02:47.009631997,2026-02-09 15:05:23.009631997,2.6,B,Micro Stop,Inspection Micro Stop,False,False,ACT-100
DT000565,ST04,2026-02-09 14:04:44.589600408,2026-02-09 14:12:00.789600408,7.27,B,Material,Component Shortage,False,False,ACT-100
DT000566,ST04,2026-02-09 16:18:28.804723294,2026-02-09 16:30:43.804723294,12.25,B,Material,Component Shortage,False,True,ACT-100
DT000567,ST04,2026-02-09 16:31:05.823991737,2026-02-09 16:39:11.223991737,8.09,B,Equipment Failure,Fixture Fault,False,True,ACT-100
DT000568,ST01,2026-02-10 00:19:14.126945879,2026-02-10 00:32:38.726945879,13.41,C,Tooling,Tool Change,False,True,ACT-100
DT000569,ST02,2026-02-10 00:31:07.453607207,2026-02-10 00:38:14.653607207,7.12,C,Equipment Failure,Gripper Fault,False,False,ACT-100
DT000570,ST02,2026-02-10 01:34:37.070771035,2026-02-10 01:46:26.870771035,11.83,C,Equipment Failure,Robot Position Fault,False,True,ACT-100
DT000571,ST03,2026-02-10 04:01:16.004054636,2026-02-10 04:13:04.604054636,11.81,C,Sensor/Control,Vision System Fault,False,True,ACT-100
DT000572,ST04,2026-02-09 22:32:23.476090652,2026-02-09 22:43:54.076090652,11.51,C,Changeover,Product Changeover,False,True,ACT-100
DT000573,ST04,2026-02-09 23:02:39.037508101,2026-02-09 23:16:09.037508101,13.5,C,Changeover,Product Changeover,False,True,ACT-100
DT000574,ST04,2026-02-10 01:15:50.722350179,2026-02-10 01:29:20.722350179,13.5,C,Equipment Failure,Fixture Fault,False,True,ACT-100
DT000575,ST04,2026-02-10 02:31:22.226834340,2026-02-10 02:44:52.226834340,13.5,C,Quality,Functional Test Failure,False,True,ACT-100
DT000576,ST01,2026-02-10 10:04:17.153590555,2026-02-10 10:07:59.153590555,3.7,A,Micro Stop,Minor CNC Stop,False,False,ACT-100
DT000577,ST02,2026-02-10 06:16:31.999981464,2026-02-10 06:24:40.999981464,8.15,A,Equipment Failure,Gripper Fault,False,True,ACT-100
DT000578,ST02,2026-02-10 09:19:24.969467844,2026-02-10 09:31:55.569467844,12.51,A,Equipment Failure,Robot Position Fault,False,True,ACT-100
DT000579,ST02,2026-02-10 11:01:21.707171375,2026-02-10 11:14:51.707171375,13.5,A,Sensor/Control,Part Presence Sensor,False,True,ACT-100
DT000580,ST03,2026-02-10 10:15:03.410286268,2026-02-10 10:16:08.810286268,1.09,A,Micro Stop,Inspection Micro Stop,False,False,ACT-100
DT000581,ST04,2026-02-10 09:34:03.356375091,2026-02-10 09:47:33.356375091,13.5,A,Quality,Functional Test Failure,False,True,ACT-100
DT000582,ST04,2026-02-10 10:49:13.030804521,2026-02-10 11:02:43.030804521,13.5,A,Equipment Failure,Fixture Fault,False,True,ACT-100
DT000583,ST05,2026-02-10 11:16:04.554912656,2026-02-10 11:29:34.554912656,13.5,A,Sensor/Control,Label Sensor Fault,False,True,ACT-100
DT000584,ST05,2026-02-10 12:00:00.000000000,2026-02-10 12:05:18.433213074,5.31,A,Maintenance,Planned Maintenance,True,True,ACT-100
DT000585,ST01,2026-02-10 14:45:00.000000000,2026-02-10 14:52:35.099739102,7.58,B,Maintenance,Planned Maintenance,True,True,ACT-300
DT000586,ST02,2026-02-10 19:02:02.300127643,2026-02-10 19:15:32.300127643,13.5,B,Equipment Failure,Robot Position Fault,False,True,ACT-300
DT000587,ST02,2026-02-10 19:49:34.353101555,2026-02-10 19:51:33.153101555,1.98,B,Micro Stop,Robot Micro Stop,False,False,ACT-300
DT000588,ST03,2026-02-10 20:31:03.917416176,2026-02-10 20:44:33.917416176,13.5,B,Sensor/Control,Vision System Fault,False,True,ACT-300
DT000589,ST03,2026-02-10 20:46:40.862703664,2026-02-10 21:00:10.862703664,13.5,B,Sensor/Control,Measurement Sensor Fault,False,True,ACT-300
DT000590,ST04,2026-02-10 18:45:53.172833197,2026-02-10 18:59:23.172833197,13.5,B,Quality,Functional Test Failure,False,True,ACT-300
DT000591,ST05,2026-02-10 14:03:34.220022947,2026-02-10 14:16:02.420022947,12.47,B,Equipment Failure,Packaging Jam,False,True,ACT-300
DT000592,ST05,2026-02-10 16:46:30.533984952,2026-02-10 16:49:59.933984952,3.49,B,Micro Stop,Packaging Micro Stop,False,False,ACT-300
DT000593,ST01,2026-02-11 00:02:16.757862314,2026-02-11 00:06:33.557862314,4.28,C,Micro Stop,Minor CNC Stop,False,False,ACT-100
DT000594,ST02,2026-02-10 22:00:00.000000000,2026-02-10 22:10:32.885962194,10.55,C,Maintenance,Planned Maintenance,True,True,ACT-100
DT000595,ST02,2026-02-11 02:46:41.912354545,2026-02-11 03:00:11.912354545,13.5,C,Sensor/Control,Part Presence Sensor,False,True,ACT-100
DT000596,ST03,2026-02-11 03:03:47.859531313,2026-02-11 03:05:38.859531313,1.85,C,Micro Stop,Inspection Micro Stop,False,False,ACT-100
DT000597,ST04,2026-02-11 01:18:26.080891015,2026-02-11 01:31:56.080891015,13.5,C,Equipment Failure,Fixture Fault,False,True,ACT-100
DT000598,ST04,2026-02-11 01:33:28.472676086,2026-02-11 01:46:58.472676086,13.5,C,Quality,Functional Test Failure,False,True,ACT-100
DT000599,ST04,2026-02-11 03:00:00.000000000,2026-02-11 03:06:31.854838751,6.53,C,Maintenance,Planned Maintenance,True,True,ACT-100
DT000600,ST05,2026-02-10 23:30:43.617028462,2026-02-10 23:38:11.817028462,7.47,C,Material,Packaging Material Shortage,False,False,ACT-100
DT000601,ST05,2026-02-10 23:45:00.000000000,2026-02-10 23:55:22.080315450,10.37,C,Maintenance,Planned Maintenance,True,True,ACT-100
DT000602,ST05,2026-02-11 00:46:47.513618900,2026-02-11 01:00:17.513618900,13.5,C,Equipment Failure,Packaging Jam,False,True,ACT-100
DT000603,ST02,2026-02-11 07:17:34.924934382,2026-02-11 07:18:43.324934381,1.14,A,Micro Stop,Robot Micro Stop,False,False,ACT-100
DT000604,ST02,2026-02-11 12:32:37.028230742,2026-02-11 12:35:20.228230742,2.72,A,Micro Stop,Robot Micro Stop,False,False,ACT-100
DT000605,ST03,2026-02-11 06:15:58.932813724,2026-02-11 06:29:28.932813724,13.5,A,Sensor/Control,Vision System Fault,False,True,ACT-100
DT000606,ST03,2026-02-11 10:02:18.064338757,2026-02-11 10:15:48.064338757,13.5,A,Quality,Inspection Calibration,False,True,ACT-100
DT000607,ST04,2026-02-11 12:00:40.666992621,2026-02-11 12:11:19.066992621,10.64,A,Equipment Failure,Fixture Fault,False,True,ACT-100
DT000608,ST01,2026-02-11 14:34:07.258786599,2026-02-11 14:47:37.258786599,13.5,B,Tooling,Tool Wear,False,True,ACT-100
DT000609,ST01,2026-02-11 18:30:47.675071385,2026-02-11 18:44:17.675071385,13.5,B,Tooling,Tool Wear,False,True,ACT-100
DT000610,ST02,2026-02-11 14:04:12.338282431,2026-02-11 14:17:42.338282431,13.5,B,Sensor/Control,Part Presence Sensor,False,True,ACT-100
DT000611,ST02,2026-02-11 19:47:37.352653025,2026-02-11 19:53:01.952653025,5.41,B,Equipment Failure,Robot Position Fault,False,False,ACT-100
DT000612,ST04,2026-02-11 15:45:00.000000000,2026-02-11 15:52:27.404800303,7.46,B,Maintenance,Planned Maintenance,True,True,ACT-100
DT000613,ST04,2026-02-11 16:47:04.347917066,2026-02-11 16:50:50.547917066,3.77,B,Micro Stop,Assembly Micro Stop,False,False,ACT-100
DT000614,ST05,2026-02-11 14:00:14.146306000,2026-02-11 14:13:44.146306000,13.5,B,Equipment Failure,Packaging Jam,False,True,ACT-100
DT000615,ST05,2026-02-11 19:47:25.308251705,2026-02-11 19:51:14.508251705,3.82,B,Micro Stop,Packaging Micro Stop,False,False,ACT-100
DT000616,ST01,2026-02-12 05:15:00.000000000,2026-02-12 05:25:41.523752552,10.69,C,Maintenance,Planned Maintenance,True,True,ACT-300
DT000617,ST02,2026-02-12 01:02:42.675285197,2026-02-12 01:07:09.675285197,4.45,C,Micro Stop,Robot Micro Stop,False,False,ACT-300
DT000618,ST02,2026-02-12 03:32:55.760240394,2026-02-12 03:46:25.760240394,13.5,C,Sensor/Control,Part Presence Sensor,False,True,ACT-300
DT000619,ST02,2026-02-12 04:49:56.949997621,2026-02-12 05:03:26.949997621,13.5,C,Equipment Failure,Gripper Fault,False,True,ACT-300
DT000620,ST03,2026-02-11 22:02:39.625433840,2026-02-11 22:05:55.225433840,3.26,C,Micro Stop,Inspection Micro Stop,False,False,ACT-300
DT000621,ST04,2026-02-11 23:00:00.000000000,2026-02-11 23:05:16.709373510,5.28,C,Maintenance,Planned Maintenance,True,True,ACT-300
DT000622,ST04,2026-02-11 23:47:26.729589568,2026-02-12 00:00:56.729589568,13.5,C,Equipment Failure,Fixture Fault,False,True,ACT-300
DT000623,ST04,2026-02-12 00:15:17.506741779,2026-02-12 00:28:16.906741779,12.99,C,Quality,Functional Test Failure,False,True,ACT-300
DT000624,ST04,2026-02-12 01:33:45.631619363,2026-02-12 01:47:15.631619363,13.5,C,Material,Component Shortage,False,True,ACT-300
DT000625,ST01,2026-02-12 06:33:40.850704854,2026-02-12 06:47:10.850704854,13.5,A,Tooling,Tool Wear,False,True,ACT-100
DT000626,ST01,2026-02-12 09:31:27.632535183,2026-02-12 09:40:41.432535183,9.23,A,Tooling,Tool Wear,False,True,ACT-100
DT000627,ST02,2026-02-12 09:00:54.340607969,2026-02-12 09:14:24.340607969,13.5,A,Sensor/Control,Part Presence Sensor,False,True,ACT-100
DT000628,ST02,2026-02-12 12:04:48.531500372,2026-02-12 12:18:18.531500372,13.5,A,Sensor/Control,Part Presence Sensor,False,True,ACT-100
DT000629,ST04,2026-02-12 06:16:01.375041150,2026-02-12 06:29:31.375041150,13.5,A,Quality,Functional Test Failure,False,True,ACT-100
DT000630,ST04,2026-02-12 09:19:21.712038547,2026-02-12 09:21:15.712038547,1.9,A,Micro Stop,Assembly Micro Stop,False,False,ACT-100
DT000631,ST05,2026-02-12 08:17:50.992112149,2026-02-12 08:31:20.992112149,13.5,A,Equipment Failure,Packaging Jam,False,True,ACT-100
DT000632,ST05,2026-02-12 11:03:09.346661855,2026-02-12 11:16:39.346661855,13.5,A,Equipment Failure,Packaging Jam,False,True,ACT-100
DT000633,ST05,2026-02-12 11:31:36.359026107,2026-02-12 11:45:06.359026107,13.5,A,Material,Packaging Material Shortage,False,True,ACT-100
DT000634,ST01,2026-02-12 14:45:29.368013712,2026-02-12 14:58:59.368013712,13.5,B,Sensor/Control,Coolant Sensor Alarm,False,True,ACT-200
DT000635,ST01,2026-02-12 20:00:00.000000000,2026-02-12 20:06:44.820214885,6.75,B,Maintenance,Planned Maintenance,True,True,ACT-200
DT000636,ST01,2026-02-12 21:15:00.000000000,2026-02-12 21:22:10.331966644,7.17,B,Maintenance,Planned Maintenance,True,True,ACT-200
DT000637,ST02,2026-02-12 18:31:11.119475563,2026-02-12 18:37:23.719475563,6.21,B,Equipment Failure,Robot Position Fault,False,False,ACT-200
DT000638,ST02,2026-02-12 19:16:18.233075236,2026-02-12 19:19:57.233075236,3.65,B,Micro Stop,Robot Micro Stop,False,False,ACT-200
DT000639,ST02,2026-02-12 20:00:00.000000000,2026-02-12 20:08:37.139004983,8.62,B,Maintenance,Planned Maintenance,True,True,ACT-200
DT000640,ST03,2026-02-12 19:00:00.000000000,2026-02-12 19:09:53.511104428,9.89,B,Maintenance,Planned Maintenance,True,True,ACT-200
DT000641,ST04,2026-02-12 16:00:05.918150095,2026-02-12 16:02:51.518150095,2.76,B,Micro Stop,Assembly Micro Stop,False,False,ACT-200
DT000642,ST05,2026-02-12 19:31:02.949213594,2026-02-12 19:41:24.549213593,10.36,B,Sensor/Control,Label Sensor Fault,False,True,ACT-200
DT000643,ST01,2026-02-12 22:48:47.530507948,2026-02-12 23:02:17.530507948,13.5,C,Sensor/Control,Coolant Sensor Alarm,False,True,ACT-100
DT000644,ST02,2026-02-13 04:03:06.642812377,2026-02-13 04:16:36.642812377,13.5,C,Sensor/Control,Part Presence Sensor,False,True,ACT-100
DT000645,ST03,2026-02-13 02:03:32.944600521,2026-02-13 02:17:02.944600521,13.5,C,Quality,Inspection Calibration,False,True,ACT-100
DT000646,ST03,2026-02-13 02:47:16.305026522,2026-02-13 03:00:46.305026522,13.5,C,Quality,Inspection Calibration,False,True,ACT-100
DT000647,ST04,2026-02-13 00:32:51.333399911,2026-02-13 00:46:21.333399911,13.5,C,Changeover,Product Changeover,False,True,ACT-100
DT000648,ST04,2026-02-13 03:18:58.220271369,2026-02-13 03:32:28.220271369,13.5,C,Equipment Failure,Fixture Fault,False,True,ACT-100
DT000649,ST04,2026-02-13 03:30:24.894594277,2026-02-13 03:43:54.894594277,13.5,C,Changeover,Product Changeover,False,True,ACT-100
DT000650,ST05,2026-02-13 04:04:37.887858874,2026-02-13 04:18:07.887858874,13.5,C,Sensor/Control,Label Sensor Fault,False,True,ACT-100
DT000651,ST01,2026-02-13 08:31:42.044179977,2026-02-13 08:45:12.044179977,13.5,A,Tooling,Tool Wear,False,True,ACT-100
DT000652,ST01,2026-02-13 12:48:14.785725058,2026-02-13 13:01:44.785725058,13.5,A,Tooling,Tool Change,False,True,ACT-100
DT000653,ST02,2026-02-13 09:32:14.460049341,2026-02-13 09:36:03.660049341,3.82,A,Micro Stop,Robot Micro Stop,False,False,ACT-100
DT000654,ST02,2026-02-13 12:03:26.711664190,2026-02-13 12:16:56.711664190,13.5,A,Equipment Failure,Gripper Fault,False,True,ACT-100
DT000655,ST02,2026-02-13 12:19:47.435288321,2026-02-13 12:33:17.435288321,13.5,A,Equipment Failure,Gripper Fault,False,True,ACT-100
DT000656,ST03,2026-02-13 10:01:09.646864194,2026-02-13 10:14:39.646864194,13.5,A,Sensor/Control,Measurement Sensor Fault,False,True,ACT-100
DT000657,ST04,2026-02-13 10:01:45.357019257,2026-02-13 10:15:15.357019257,13.5,A,Quality,Functional Test Failure,False,True,ACT-100
DT000658,ST04,2026-02-13 11:17:48.771156507,2026-02-13 11:27:25.371156506,9.61,A,Quality,Functional Test Failure,False,True,ACT-100
DT000659,ST05,2026-02-13 09:46:38.679986363,2026-02-13 10:00:08.679986363,13.5,A,Equipment Failure,Packaging Jam,False,True,ACT-100
DT000660,ST01,2026-02-13 15:17:59.110946957,2026-02-13 15:31:29.110946957,13.5,B,Tooling,Tool Change,False,True,ACT-100
DT000661,ST01,2026-02-13 16:00:38.703103979,2026-02-13 16:09:42.903103979,9.07,B,Tooling,Tool Wear,False,True,ACT-100
DT000662,ST01,2026-02-13 17:15:08.367386069,2026-02-13 17:28:38.367386069,13.5,B,Sensor/Control,Coolant Sensor Alarm,False,True,ACT-100
DT000663,ST01,2026-02-13 19:03:06.918581134,2026-02-13 19:14:51.318581134,11.74,B,Tooling,Tool Wear,False,True,ACT-100
DT000664,ST01,2026-02-13 20:34:12.747391507,2026-02-13 20:47:30.747391507,13.3,B,Tooling,Tool Wear,False,True,ACT-100
DT000665,ST02,2026-02-13 15:32:54.651918831,2026-02-13 15:34:25.851918831,1.52,B,Micro Stop,Robot Micro Stop,False,False,ACT-100
DT000666,ST02,2026-02-13 16:47:25.028524286,2026-02-13 17:00:55.028524286,13.5,B,Sensor/Control,Part Presence Sensor,False,True,ACT-100
DT000667,ST02,2026-02-13 17:16:22.185995322,2026-02-13 17:29:52.185995322,13.5,B,Sensor/Control,Part Presence Sensor,False,True,ACT-100
DT000668,ST02,2026-02-13 19:33:06.407970478,2026-02-13 19:46:36.407970478,13.5,B,Equipment Failure,Robot Position Fault,False,True,ACT-100
DT000669,ST02,2026-02-13 20:48:47.064455406,2026-02-13 21:02:17.064455406,13.5,B,Sensor/Control,Part Presence Sensor,False,True,ACT-100
DT000670,ST03,2026-02-13 17:03:32.175758575,2026-02-13 17:06:50.175758575,3.3,B,Micro Stop,Inspection Micro Stop,False,False,ACT-100
DT000671,ST04,2026-02-13 15:33:05.175028102,2026-02-13 15:46:35.175028102,13.5,B,Material,Component Shortage,False,True,ACT-100
DT000672,ST04,2026-02-13 15:48:54.328135626,2026-02-13 15:52:01.528135626,3.12,B,Micro Stop,Assembly Micro Stop,False,False,ACT-100
DT000673,ST04,2026-02-13 17:00:57.481699307,2026-02-13 17:07:41.281699307,6.73,B,Quality,Functional Test Failure,False,False,ACT-100
DT000674,ST04,2026-02-13 17:47:36.193451659,2026-02-13 18:01:06.193451659,13.5,B,Changeover,Product Changeover,False,True,ACT-100
DT000675,ST04,2026-02-13 18:45:43.144548582,2026-02-13 18:59:13.144548582,13.5,B,Equipment Failure,Fixture Fault,False,True,ACT-100
DT000676,ST05,2026-02-13 14:15:47.793001364,2026-02-13 14:29:17.793001364,13.5,B,Sensor/Control,Label Sensor Fault,False,True,ACT-100
DT000677,ST05,2026-02-13 16:18:56.391234294,2026-02-13 16:22:56.391234294,4.0,B,Micro Stop,Packaging Micro Stop,False,False,ACT-100
DT000678,ST05,2026-02-13 20:18:17.612323227,2026-02-13 20:19:37.412323227,1.33,B,Micro Stop,Packaging Micro Stop,False,False,ACT-100
DT000679,ST01,2026-02-14 01:15:00.000000000,2026-02-14 01:20:57.365652709,5.96,C,Maintenance,Planned Maintenance,True,True,ACT-100
DT000680,ST01,2026-02-14 01:48:21.982369666,2026-02-14 02:01:51.982369666,13.5,C,Equipment Failure,Spindle Fault,False,True,ACT-100
DT000681,ST01,2026-02-14 03:45:14.401210474,2026-02-14 03:58:44.401210474,13.5,C,Equipment Failure,Spindle Fault,False,True,ACT-100
DT000682,ST01,2026-02-14 04:01:11.265181797,2026-02-14 04:14:41.265181797,13.5,C,Tooling,Tool Wear,False,True,ACT-100
DT000683,ST01,2026-02-14 04:49:11.086813731,2026-02-14 04:56:12.886813731,7.03,C,Tooling,Tool Wear,False,False,ACT-100
DT000684,ST02,2026-02-13 23:03:39.771858867,2026-02-13 23:17:09.771858867,13.5,C,Equipment Failure,Robot Position Fault,False,True,ACT-100
DT000685,ST02,2026-02-14 04:17:39.137861945,2026-02-14 04:31:09.137861945,13.5,C,Equipment Failure,Gripper Fault,False,True,ACT-100
DT000686,ST03,2026-02-13 22:17:40.226243082,2026-02-13 22:31:10.226243082,13.5,C,Sensor/Control,Vision System Fault,False,True,ACT-100
DT000687,ST03,2026-02-14 04:00:12.854381778,2026-02-14 04:13:42.854381778,13.5,C,Quality,Inspection Calibration,False,True,ACT-100
DT000688,ST03,2026-02-14 05:02:55.236258978,2026-02-14 05:04:50.436258977,1.92,C,Micro Stop,Inspection Micro Stop,False,False,ACT-100
DT000689,ST04,2026-02-13 22:34:54.715645591,2026-02-13 22:48:24.715645591,13.5,C,Equipment Failure,Fixture Fault,False,True,ACT-100
DT000690,ST04,2026-02-14 00:46:03.083622222,2026-02-14 00:59:33.083622222,13.5,C,Material,Component Shortage,False,True,ACT-100
DT000691,ST04,2026-02-14 04:00:09.937210124,2026-02-14 04:13:39.937210124,13.5,C,Material,Component Shortage,False,True,ACT-100
DT000692,ST05,2026-02-14 01:19:52.530192915,2026-02-14 01:33:22.530192915,13.5,C,Sensor/Control,Label Sensor Fault,False,True,ACT-100
DT000693,ST05,2026-02-14 02:18:52.818074712,2026-02-14 02:28:05.418074712,9.21,C,Sensor/Control,Label Sensor Fault,False,True,ACT-100
